"id","statement_full","statement_strip","statement_noise_p25","statement_noise_p50","statement_noise_p75","target","source","text_origin"
"1","Lẹyin ounjẹ, ounjẹ lokan. Emi lokan!","Leyin ounje, ounje lokan. Emi lokan!","Lẹyin ounje, ounjẹ lokan. Emi lokan!","Leyin ounjẹ, ounjẹ lokan. Emi lokan!","Lẹyin ounje, ounje lokan. Emi lokan!","sarcastic","X","original"
"2","A kò gbọ́dọ̀ purọ́, a kò gbọ́dọ̀ jale, Yorùbá dùn gan!","A ko gbodo puro, a ko gbodo jale, Yoruba dun gan!","A ko gbódo purọ́, a ko gbọ́dò jale, Yorùbá dun gan!","A kò gbodò purọ́, a kò gbọ́dò jale, Yorùbá dùn gan!","A ko gbodo puro, a ko gbodo jale, Yoruba dùn gan!","non-sarcastic","X","original"
"3","Kò sí bí o bá ṣe ń jìyà tó, má ṣe béèrè ìrànlọ́wọ́ lọ́wọ́ ẹnikẹ́ni. Bó tilẹ̀ jẹ́ pé o lè kú nígbà sórí ìjìyà náà, kò sí ẹni tí yóò lè sọ pé òun ti ràn ọ́ lọ́wọ́ rí","Ko si bi o ba se n jiya to, ma se beere iranlowo lowo enikeni. Bo tile je pe o le ku nigba sori ijiya naa, ko si eni ti yoo le so pe oun ti ran o lowo ri","Kò sí bi o bá se ń jìyà tó, má ṣe béere ìrànlówọ́ lọ́wọ́ ẹnikéni. Bó tilẹ̀ jẹ pé o lè ku nigba sórí ìjiyà náà, kò sí eni tí yóò lè sọ pe òun ti ràn ọ́ lọ́wó rí","Ko sí bí o ba ṣe ń jìyà to, ma se béèrè iranlọ́wo lówọ enikẹni. Bó tile jẹ́ pe o le kú nígba sóri ijiyà naa, ko sí eni tí yóo le sọ pe oun ti ràn ọ lọ́wo ri","Ko si bi o ba ṣe n jiya tó, ma se beere irànlówo lọ́wọ́ ẹnikeni. Bo tile jé pe o lè ku nigbà sóri ijiya náa, ko si eni ti yoò le sọ pe oun ti ran o lówo ri","sarcastic","Instagram","original"
"4","Àsàsí kìí ran baby. Ẹ wí fún aláwo yin tó ní ki ẹ mú orúkọ wá","Asasi kii ran baby. E wi fun alawo yin to ni ki e mu oruko wa","Àsàsí kìi ran baby. Ẹ wi fún aláwo yin tó ní ki ẹ mu orúkọ wá","Asasi kìí ran baby. Ẹ wi fun aláwo yin tó ní ki ẹ mú orukọ wa","Asàsi kii ran baby. E wi fun alawo yin to ni ki e mu orúkọ wa","non-sarcastic","X","original"
"5","Oṣólẹ̀ Twitter ti gbórí wọlé o, wọ́n ti ń bèèrè wípé kíni orúkọ wà àti orúkọ ìyá tó bí wa lọ́mọ","Osole Twitter ti gbori wole o, won ti n beere wipe kini oruko wa ati oruko iya to bi wa lomo","Oṣólè Twitter ti gbórí wọlé o, wọn ti n bèèrè wípé kini orukọ wà àti orúkọ iya to bí wa lọ́mọ","Osólẹ̀ Twitter ti gbórí wolé o, wón ti ń bèère wípe kíni orúko wà ati orukọ iya to bi wa lọ́mo","Osolẹ Twitter ti gbóri wọle o, wọn ti n beere wipe kini oruko wa ati orúko iya to bi wa lomo","sarcastic","X","original"
"6","Tí o bá ṣe ẹ̀ṣẹ̀ kan tí àwọn agbófinró sì ń wá ọ pẹ̀lú ẹ̀bùn tí a gbé lé ọ lórí, lọ kí o sì fi ara rẹ hàn ní àgọ́ ọlọ́pàá. Bó tilẹ̀ jẹ́ pé wọ́n lè fi ọ́ sẹ́wọ̀n, o lè gba ẹ̀bùn náà láti àgọ́ ọlọ́pàá.","Ti o ba se ese kan ti awon agbofinro si n wa o pelu ebun ti a gbe le o lori, lo ki o si fi ara re han ni ago olopaa. Bo tile je pe won le fi o sewon, o le gba ebun naa lati ago olopaa.","Tí o bá ṣe ẹ̀ṣẹ̀ kan ti àwọn agbófinró sì ń wá o pẹ̀lú ẹ̀bùn ti a gbé lé ọ lori, lọ kí o sì fi ara rẹ hàn ní ago olọ́paá. Bó tilè jẹ pé wón lè fi ó séwọn, o le gba ẹ̀bùn náà láti àgọ́ ọlọ́pàá.","Tí o ba se èṣẹ̀ kan ti awon agbofinro sì n wa ọ pẹlu ẹbun ti a gbé lé ọ lórí, lo ki o si fi ara rẹ hàn ní agọ́ ọlopaa. Bo tilẹ je pe wọn le fi ọ sẹwon, o le gba ebùn naà láti ago ọlọpàá.","Ti o bá ṣe ese kan ti awon agbófinro si n wa ọ pẹlu ebùn ti a gbe le o lori, lọ kí o si fi ara re hàn ní ago olópàa. Bó tilè je pe wọn lè fi o sewòn, o lè gba èbun naa lati agọ olọpàa.","sarcastic","Instagram","original"
"7","Wọ́n ní àwọn kàn fẹ́ lo ọgbọ́n àrékérekè fún wa ni, ni mo ba kí wọn wípé adúpẹ́ tí kò jù báyẹn lọ. Ìyẹn ṣí dára ju jíjàwá lólè lọ","Won ni awon kan fe lo ogbon arekereke fun wa ni, ni mo ba ki won wipe adupe ti ko ju bayen lo. Iyen si dara ju jijawa lole lo","Wọn ní awọn kàn fẹ́ lo ọgbọ́n arekérekè fún wa ni, ni mo ba kí wọn wípé adúpẹ́ tí ko ju bayẹn lọ. Iyen ṣí dára ju jíjàwa lole lo","Wón ni àwọn kàn fé lo ogbọ́n arekereke fún wa ni, ni mo ba ki wọn wipe adúpe tí ko jù bayẹn lọ. Ìyen ṣi dara ju jíjàwa lólè lọ","Wọn ni awon kan fe lo ogbon arekereke fun wa ni, ni mo ba kí wọn wipe adúpe ti kò jù bayen lo. Iyen si dara ju jijàwa lole lo","sarcastic","Facebook","original"
"8","A tọrọ owó lọwọ yín, ẹ sì ní kí a wáa gba nílé, èwo ló wáá fa ẹ̀wọ̀n?","A toro owo lowo yin, e si ni ki a waa gba nile, ewo lo waa fa ewon?","A tọrọ owó lowọ yín, ẹ sì ní kí a wáa gba nilé, èwo ló wáa fa ẹ̀wọn?","A toro owó lọwo yín, e sì ní kí a waa gba nile, èwo lo wáá fa ẹ̀won?","A torọ owo lọwo yin, ẹ si ni ki a wáa gba nile, ewo lo waa fa ẹ̀won?","non-sarcastic","Facebook","original"
"9","Ọmọ náà pupa bíi tááyà ọkọ","Omo naa pupa bii taaya oko","Ọmọ náà pupa bíi tááya ọkọ","Ọmọ náà pupa bii táayà ọkọ","Omo naà pupa bii taaya oko","sarcastic","Crowdsourcing","original"
"10","Ìwọ lo gbọ́n jù nínú gbogbo ọmọ tí ìyá rẹ bí, ọlọ́pọlọ ẹja","Iwo lo gbon ju ninu gbogbo omo ti iya re bi, olopolo eja","Ìwọ lo gbón jù ninú gbogbo omọ tí ìyá rẹ bí, ọlọpọlọ ẹja","Ìwo lo gbọn jù ninú gbogbo omo tí iyá rẹ bí, ọlọpolọ ẹja","Ìwo lo gbon jù nínu gbogbo omo ti ìya re bí, olọpolo eja","sarcastic","Crowdsourcing","original"
"11","Àìgbọ́fá là ń wòkè, ifá kan kòsí ní párá","Aigbofa la n woke, ifa kan kosi ni para","Àìgbofá là n wòke, ifá kan kòsí ni párá","Àigbofá là n wokè, ifa kan kosi ni párá","Àigbọfa la n woke, ifa kan kosí ni pára","non-sarcastic","Crowdsourcing","original"
"12","Ọ fẹ́ẹ́ mọ ibi tó yẹ kí o gbesí àbí?  O lè wáá gbe sími lórí","O fee mo ibi to ye ki o gbesi abi?  O le waa gbe simi lori","Ọ fẹ́ẹ́ mọ ibi tó yẹ kí o gbesí àbí?  O lè wáa gbe sími lóri","O fẹ́ẹ́ mọ ibi to yẹ ki o gbesí àbi?  O le wáa gbe sími lórí","Ọ fẹ́é mo ibi to ye ki o gbesi abí?  O lè waa gbe simi lóri","sarcastic","Crowdsourcing","original"
"13","Kò níí da fún ọmọ ìyá tí kò fẹ́ràn ara wọn","Ko nii da fun omo iya ti ko feran ara won","Kò nii da fún ọmọ ìya tí kò fẹràn ara won","Ko níí da fún omọ iya ti ko féran ara won","Ko níí da fun omo ìya ti ko féran ara won","non-sarcastic","Facebook","original"
"14","Ó bimí léèrè wípé eré wo ni ká wò, mo sì nì kó jẹ́ kí a wo wèrè","O bimi leere wipe ere wo ni ka wo, mo si ni ko je ki a wo were","Ó bimí leère wipé ere wo ni ká wo, mo si nì kó jé ki a wo wère","O bimi leère wipé ere wo ni ka wo, mo si nì kó jẹ kí a wo wère","O bimí leèrè wipe eré wo ni ka wo, mo si ni ko jẹ ki a wo were","sarcastic","Facebook","original"
"15","Má bẹ̀rù láti wà ní àtìmọ́lé, nítorí o lè pàdé olùrànlọ́wọ́ rẹ níbẹ̀, bó tilẹ̀ jẹ́ pé o máa jìyà nínú ẹ̀wọ̀n.","Ma beru lati wa ni atimole, nitori o le pade oluranlowo re nibe, bo tile je pe o maa jiya ninu ewon.","Má bẹ̀rù láti wà ní àtimọ́lé, nítorí o le pàde olùrànlọwọ́ rẹ nibẹ, bó tile jẹ́ pé o máa jìyà ninú ẹ̀wọ̀n.","Má bẹrù lati wà ni atìmólé, nítorí o lè pàdé olùranlọ́wo rẹ nibe, bó tilẹ jé pe o máa jiya ninu ẹ̀wọn.","Ma beru lati wa ni atimọle, nitori o le pade oluranlowo re nibe, bo tile jé pé o maa jìya ninú ẹwon.","sarcastic","Instagram","original"
"16","Oò ṣe kúkú lọ gbé gbogbo ẹrù rẹ kí o ṣí mọ́rí kí o máa bọ̀ nílé ọkọ tèmi?","Oo se kuku lo gbe gbogbo eru re ki o si mori ki o maa bo nile oko temi?","Oò se kukú lọ gbé gbogbo ẹrù re kí o sí mọ́rí kí o máa bò nilé ọkọ tèmi?","Oò ṣe kuku lo gbé gbogbo ẹrù re kí o sí mọrí kí o máa bọ̀ níle oko temi?","Oo se kuku lo gbe gbogbo ẹru rẹ kí o si morí kí o maa bọ nile oko temi?","sarcastic","Facebook","original"
"17","Tí o bá yá ẹnìkan lowó tí o kò sì mọ ibi tí ó wà mọ́, wá ẹnìkan tí ó sún mọ́ ọn kí o sì tún yá ìyẹn náà lówó, bó tilẹ̀ jẹ́ pé o lè má rí owó méjèèjì gbà","Ti o ba ya enikan lowo ti o ko si mo ibi ti o wa mo, wa enikan ti o sun mo on ki o si tun ya iyen naa lowo, bo tile je pe o le ma ri owo mejeeji gba","Tí o bá yá ẹnikan lowo tí o kò sì mo ibi tí ó wà mọ́, wá ẹnikan ti ó sún mọ́ ọn kí o sì tún ya ìyẹn náà lówó, bó tilẹ̀ jẹ́ pé o lè má rí owó méjèèji gba","Tí o ba ya enikan lowó ti o kò sì mọ ibi ti o wà mo, wa ẹnìkan tí o sun mó on ki o si tún ya ìyen náa lówo, bó tilẹ je pé o lè má rí owo mejèèjì gba","Tí o bá ya ẹnikan lowó ti o ko sì mo ibi ti o wa mo, wa ẹnikan ti ó sún mó on ki o sì tun ya iyen naa lowó, bo tile je pe o le ma rí owo mejèeji gba","sarcastic","Instagram","original"
"18","Ọmọ yí gọ̀, ó fi ẹnu ọ ara","Omo yi go, o fi enu o ara","Omo yí gọ, ó fi ẹnu o ara","Ọmo yí gọ̀, ó fi enu o ara","Omọ yi gò, o fi enu o ara","non-sarcastic","Crowdsourcing","original"
"19","Òṣèlú ilẹ̀ Nàìjíríà ló dára jù ní gbogbo àgbáyé!","Oselu ile Naijiria lo dara ju ni gbogbo agbaye!","Òṣèlu ilẹ̀ Naìjíríà ló dara jù ní gbogbo àgbaye!","Oṣèlú ilẹ Nàijiríà lo dara ju ní gbogbo àgbáye!","Òselú ilè Naijiría lo dara ju ni gbogbo agbaye!","sarcastic","Crowdsourcing","original"
"20","A nílo àwọn aṣojú tó kájú òṣùwọ̀n","A nilo awon asoju to kaju osuwon","A nílo awọn aṣojú tó kájú oṣùwọ̀n","A nílo awọn aṣoju to káju oṣùwọ̀n","A nilo àwon asoju to kaju osuwon","non-sarcastic","Crowdsourcing","original"
"21","Ìwúrí ńlá ni fún mi pé ààrẹ ẹgbẹ́ ọmọ Yorùbá ni ìlú Faransé wá si pápákọ̀ òfúrufú láti wá gbé mi loni ni ìlu parisi lai fun wọn asiko tó tó","Iwuri nla ni fun mi pe aare egbe omo Yoruba ni ilu Faranse wa si papako ofurufu lati wa gbe mi loni ni ilu parisi lai fun won asiko to to","Ìwúrí ńlá ni fún mi pe ààrẹ ẹgbé ọmọ Yorùba ni ìlú Faransé wá si pápákọ̀ ofurufu láti wa gbé mi loni ni ìlu parisi lai fun wọn asiko tó tó","Iwurí ńlá ni fún mi pé aàrẹ egbẹ ọmọ Yorùba ni ìlu Faransé wa si papako òfurufú láti wá gbe mi loni ni ìlu parisi lai fun wọn asiko to to","Iwuri ńla ni fun mi pe aàre ẹgbe omo Yorubá ni ilu Faranse wa si papákò ofurufu lati wa gbe mi loni ni ilu parisi lai fun won asiko to to","non-sarcastic","X","original"
"22","Awakọ̀ kan wa ọkọ̀ wọ ààrin èrò níbi tí wọn tí ń ṣ'àjọ̀dún, ọ̀pọ̀ ẹ̀mí sùn","Awako kan wa oko wo aarin ero nibi ti won ti n s'ajodun, opo emi sun","Awakọ̀ kan wa ọkò wọ ààrin èro nibi tí wọn tí n ṣ'ajọ̀dún, ọ̀pọ̀ ẹmí sùn","Awakọ kan wa oko wọ àarin èrò nibi tí wọn tí n s'àjòdun, ọ̀pò ẹmí sun","Awakọ kan wa ọkọ wo aarin ero nibi ti won ti n s'ajọdun, òpo èmi sun","non-sarcastic","BBC News","original"
"23","Gbogbo ẹ̀ka ọrọ̀ ajé, ètò ìrìnnà, iléèwòsàn, àti àwọn ilé ìtajà ló ti dẹnukọlẹ lẹ́yìn tí iná lọ ní orílẹ̀èdè méjèéjì.","Gbogbo eka oro aje, eto irinna, ileewosan, ati awon ile itaja lo ti denukole leyin ti ina lo ni orileede mejeeji.","Gbogbo ẹ̀ka ọrọ̀ aje, ètò ìrìnnà, iléèwosàn, àti àwon ilé itajà lo ti denukọle lẹ́yìn tí iná lọ ni orilèèdè méjeéjì.","Gbogbo èka ọrọ̀ ajé, eto ìrinnà, ileewosàn, ati awọn ilé itaja ló ti denukọlẹ lẹ́yin ti iná lo ni orileèdè méjeéjì.","Gbogbo eka oro aje, eto ìrinna, iléewòsàn, ati awọn ile itajà lo ti denukole lẹ́yin tí ina lọ ní orilèèdè méjeeji.","non-sarcastic","BBC News","original"
"24","Ṣé lóòtọ́ ni Gómìnà Adeleke ń gbèrò láti bẹ́ kìjà kúrò ní PDP lọ sí APC?","Se looto ni Gomina Adeleke n gbero lati be kija kuro ni PDP lo si APC?","Ṣé lóòtọ́ ni Gómìna Adeleke n gberò láti bé kìjà kúro ní PDP lọ sí APC?","Ṣe lóoto ni Gomina Adeleke ń gbèro láti bé kìja kuro ni PDP lọ sí APC?","Se loòto ni Gomina Adeleke n gbero lati be kija kurò ní PDP lo si APC?","non-sarcastic","BBC News","original"
"25","Ṣé lóòótọ́ ni pé Naijiria ti di orílẹ̀èdè ẹlẹ́gbẹ́ òṣèlú kan?","Se loooto ni pe Naijiria ti di orileede elegbe oselu kan?","Ṣe lóoótọ́ ni pe Naijiria ti di orílẹedè elẹ́gbẹ́ òsèlú kan?","Ṣe lóòóto ni pe Naijiria ti di orílẹède elẹ́gbẹ́ oṣelú kan?","Ṣe loooto ni pe Naijiria ti di orileede elegbe òselu kan?","non-sarcastic","BBC News","original"
"26","Kò ṣe é má gbọ̀ ọ́","Ko se e ma gbo o","Kò ṣe e má gbọ̀ ọ","Ko se e má gbọ ọ","Ko se é ma gbo ọ","non-sarcastic","BBC News","original"
"27","""Wọ́n fẹ́ pààyàn ni"" - BBC ṣe ìdánimọ̀ àwọn ẹ̀ṣọ́ aláàbò tó yìnbọn p'àwọn tó ṣèwọ́de tako owó orí tuntun ní Kenya","""Won fe paayan ni"" - BBC se idanimo awon eso alaabo to yinbon p'awon to sewode tako owo ori tuntun ni Kenya","""Wọ́n fẹ́ pàayàn ni"" - BBC se ìdanimọ̀ àwọn ẹ̀ṣọ́ aláàbò to yìnbọn p'àwọn tó ṣèwọ́de tako owó orí tuntun ni Kenya","""Won fẹ́ pàayàn ni"" - BBC se idánimọ̀ awọn ẹ̀sọ aláabò tó yinbọn p'awon tó sèwọ́de tako owo orí tuntun ni Kenya","""Won fe pàayàn ni"" - BBC ṣe idanimo awon ẹso alaàbo to yinbon p'àwọn to sewọde tako owo ori tuntun ní Kenya","non-sarcastic","BBC News","original"
"28","Lẹ́yìn ìsìnkú Póòpù Francis, Ìjọ Kátólíìkì kéde ọjọ́ tí wọn yóò yàn póòpù tuntun","Leyin isinku Poopu Francis, Ijo Katoliiki kede ojo ti won yoo yan poopu tuntun","Lẹ́yin isìnkú Póòpù Francis, Ìjo Kátolíìkì kéde ọjọ́ ti wọn yoò yàn póopù tuntun","Lẹ́yìn isinku Poòpù Francis, Ijo Katolíìki kéde ọjọ́ tí won yoò yan poopu tuntun","Léyin ìsinku Poopù Francis, Ìjo Katolíìki kede ọjó ti wọn yoo yan poopù tuntun","non-sarcastic","BBC News","original"
"29","NDIC bẹ̀rẹ̀ sísan owó fún àwọn tó fowópamọ́ sí Heritage Bank to kógbáwọlé","NDIC bere sisan owo fun awon to fowopamo si Heritage Bank to kogbawole","NDIC bẹ̀rẹ̀ sisan owó fún àwọn to fowópamọ́ sí Heritage Bank to kógbáwọle","NDIC bère sísan owo fún àwon tó fowópamọ si Heritage Bank to kógbáwọle","NDIC bere sisan owo fun awon to fowopamo si Heritage Bank to kogbawole","non-sarcastic","BBC News","original"
"30","Ẹsẹ̀ ẹlẹ́sẹ̀ níí gbé òkú wọ isà","Ese elese nii gbe oku wo isa","Esẹ̀ ẹlẹsẹ níí gbe òkú wọ isa","Esè ẹlesè nií gbé oku wọ isà","Ẹse ẹlesẹ̀ nii gbe oku wo isà","non-sarcastic","YouTube","original"
"31","FBI mú èèyàn 22 ní Naijiria fún ẹ̀sùn fífi àwòràn ìhòhò lu jìbìtì lórí ayélujára","FBI mu eeyan 22 ni Naijiria fun esun fifi aworan ihoho lu jibiti lori ayelujara","FBI mú eèyàn 22 ní Naijiria fún ẹ̀sùn fífi àwòràn ìhòhò lu jìbìti lórí ayélujara","FBI mú eeyàn 22 ní Naijiria fún ẹ̀sun fífi àwòran ìhòho lu jìbitì lóri ayélujára","FBI mu eeyan 22 ni Naijiria fun esun fífi aworan ihoho lu jìbitì lori ayelujara","non-sarcastic","BBC News","original"
"32","Àjọ NAPTIP dóòlà ọmọ Naijiria mẹ́sàn-an tí wọ́n fẹ́ẹ́ tàn ṣòwò ẹrú lọ si Libya","Ajo NAPTIP doola omo Naijiria mesan-an ti won fee tan sowo eru lo si Libya","Àjọ NAPTIP dóòlà ọmọ Naijiria mésàn-an tí wón feé tàn sòwo ẹrú lo si Libya","Àjo NAPTIP dóolà omọ Naijiria mẹsan-an tí won feẹ́ tàn ṣòwò erú lọ si Libya","Àjo NAPTIP doola omo Naijiria mesan-an ti won fee tan ṣowo eru lo si Libya","non-sarcastic","BBC News","original"
"33","Ìbúgbàmù Iran gbẹ̀mí èèyàn méjìdínlógún, 800 míì farapa","Ibugbamu Iran gbemi eeyan mejidinlogun, 800 mii farapa","Ibúgbamu Iran gbẹ̀mí èèyàn méjìdinlogún, 800 míì farapa","Ìbugbamù Iran gbẹ̀mi eèyàn mejìdinlógún, 800 míi farapa","Ìbúgbamù Iran gbemí eèyàn mejìdinlogun, 800 mii farapa","non-sarcastic","BBC News","original"
"34","Oyinkan Abayomi: Ajàfẹ́tọ̀ọ́ ẹni tó dá ẹgbẹ́ òṣèlú obìnrin àkọ́kọ́ sílẹ̀, tó tún jà fún ètò ẹ̀kọ́, ìṣèlú àti òmìnira obìnrin","Oyinkan Abayomi: Ajafetoo eni to da egbe oselu obinrin akoko sile, to tun ja fun eto eko, iselu ati ominira obinrin","Oyinkan Abayomi: Ajafetòọ́ ẹni tó dá ẹgbẹ́ òsèlú obìnrin àkọkọ sílẹ̀, tó tún jà fún ètò ẹ̀kó, ìṣèlú àti omìnira obìnrin","Oyinkan Abayomi: Ajàfétoọ eni to da ẹgbé òselú obinrin akọkó silè, to tún ja fún etò èko, ìselu àti omìnira obìnrin","Oyinkan Abayomi: Ajafetoo ẹni tó da egbe oselú obinrin àkọkọ sile, to tun ja fun eto ẹkó, isèlu ati ominira obinrin","non-sarcastic","BBC News","original"
"35","Bí ètò ìsìnkú Pope Francis yóò ṣe wáyé àti àwọn èèyàn tí yóò wà níbẹ̀","Bi eto isinku Pope Francis yoo se waye ati awon eeyan ti yoo wa nibe","Bí ètò ìsìnkú Pope Francis yóò ṣe wáyé ati àwọn èeyàn tí yóò wà níbè","Bí etò ìsìnkú Pope Francis yoo se waye àti àwọn èeyàn ti yóò wa nibẹ","Bí eto isìnku Pope Francis yoo se wáye ati awon eeyan ti yoo wa nibẹ","non-sarcastic","BBC News","original"
"36","NiMET dá ìyanṣẹ́lódì dúró, fún ìjọba ní gbèdéke láti dáhùn àwọn ìbéèrè wọn","NiMET da iyanselodi duro, fun ijoba ni gbedeke lati dahun awon ibeere won","NiMET dá ìyansélódì dúro, fún ìjoba ní gbèdeke láti dáhùn àwọn ìbeèrè won","NiMET dá iyanṣelodi dúró, fún ìjọba ni gbedeke láti dahun awọn ìbeèrè wọn","NiMET da iyansẹlodi duro, fun ijoba ni gbedéke lati dáhùn awon ibeerè wọn","non-sarcastic","BBC News","original"
"37","Àwọn òrìṣà méje ìṣẹ̀mbáyé tó di ilẹ̀ gbogbo àgbáyé mú","Awon orisa meje isembaye to di ile gbogbo agbaye mu","Àwon òrìṣa méje iṣèmbáye tó di ilẹ̀ gbogbo àgbáyé mu","Awon òriṣa méje isèmbáyé to di ile gbogbo agbáyé mu","Awon oriṣa meje isembáye to di ilẹ gbogbo agbaye mu","non-sarcastic","BBC News","original"
"38","Alàgbà ni ọkọ mi ní ṣọ́ọ̀ṣì, wòólì ni mí fún ogún ọdún kí ń tó di Yeye Olokun - Omolara Fanimokun","Alagba ni oko mi ni soosi, wooli ni mi fun ogun odun ki n to di Yeye Olokun - Omolara Fanimokun","Alàgbà ni ọko mi ní ṣọọ̀si, wòóli ni mí fún ogún ọdún kí ń to di Yeye Olokun - Omolara Fanimokun","Alagbà ni oko mi ní ṣooṣì, woolì ni mi fun ogun odún ki ń to di Yeye Olokun - Omolara Fanimokun","Alagba ni oko mi ni sóoṣì, wòóli ni mi fun ogún odun ki n to di Yeye Olokun - Omolara Fanimokun","non-sarcastic","BBC News","original"
"39","Iléeṣẹ́ ológun bẹ̀rẹ̀ ìgbésẹ̀ ọ̀tun lóri ẹgbẹ́ agbébọn Mahmuda tó n ṣoro ní Kwara","Ileese ologun bere igbese otun lori egbe agbebon Mahmuda to n soro ni Kwara","Iléeṣé ológun bẹ̀rẹ ìgbésẹ̀ òtun lori ẹgbẹ́ agbébọn Mahmuda to n ṣoro ní Kwara","Iléeṣé ológun bẹ̀rè ìgbese otun lori ẹgbé agbebon Mahmuda tó n ṣoro ní Kwara","Ileesé ológun bẹ̀rẹ ìgbese otun lóri ẹgbẹ agbebọn Mahmuda to n ṣoro ní Kwara","non-sarcastic","BBC News","original"
"40","'Gbèsè ni mo fi tọ́ àwọn ìbejì tó gba First Class, tayọ jù lọ ní UI'","'Gbese ni mo fi to awon ibeji to gba First Class, tayo ju lo ni UI'","'Gbesè ni mo fi tó àwon ìbejì tó gba First Class, tayọ jù lọ ni UI'","'Gbèsè ni mo fi tọ àwọn ibejì to gba First Class, tayọ ju lọ ni UI'","'Gbese ni mo fi tọ awon ibeji to gba First Class, tayo ju lo ní UI'","non-sarcastic","BBC News","original"
"41","'A kàn ṣàdédé rí àwọn agbébọn tí wọ́n ṣíná ìbọn bolẹ̀, pa èèyàn mẹ́jọ, inú ìbẹ̀rù là ń gbé báyìí'","'A kan sadede ri awon agbebon ti won sina ibon bole, pa eeyan mejo, inu iberu la n gbe bayii'","'A kàn ṣàdéde rí àwọn agbébon ti wọ́n ṣína ibọn bolẹ̀, pa èeyàn mẹ́jo, inú ibẹru la n gbé báyìí'","'A kan sadédé ri awon agbebọn tí won sina ìbon bole, pa èeyàn méjo, inu iberu la ń gbé bayií'","'A kàn sadédé ri awọn agbebọn ti wón siná ìbon bole, pa èeyàn mẹ́jo, inu ìbèru là n gbé báyii'","non-sarcastic","BBC News","original"
"42","Ẹ fura o! Èèyàn 135,000 ló ní HIV l'Eko nìkan - Wo bí o ṣe lè dáàbò bo ara rẹ","E fura o! Eeyan 135,000 lo ni HIV l'Eko nikan - Wo bi o se le daabo bo ara re","Ẹ fura o! Èèyàn 135,000 ló ní HIV l'Eko nìkan - Wo bí o ṣe lè daàbò bo ara rẹ","Ẹ fura o! Èeyan 135,000 ló ni HIV l'Eko nikan - Wo bi o se lè daabo bo ara rẹ","E fura o! Eèyan 135,000 lo ni HIV l'Eko nìkan - Wo bí o se lè daabo bo ara re","non-sarcastic","BBC News","original"
"43","Báwo ni àwọn ohun èèlò ìkunjú tí ò ń lò ṣe burú sí?","Bawo ni awon ohun eelo ikunju ti o n lo se buru si?","Bawo ni àwon ohun èèlò ìkunjú tí o n lò ṣe burú sí?","Báwo ni àwon ohun eèlo ìkunjú ti o ń lò se buru sí?","Bawo ni awọn ohun eelo ikunju ti o ń lo se buru sí?","non-sarcastic","BBC News","original"
"44","Ṣé lóòótọ́ ni pé ilé ejọ̀ ní kí wọ́n fi Simon Ekpa ránṣẹ́ sí Naijiria?","Se loooto ni pe ile ejo ni ki won fi Simon Ekpa ranse si Naijiria?","Ṣé lóòotọ́ ni pé ilé ejọ̀ ní ki wọ́n fi Simon Ekpa ranṣẹ́ si Naijiria?","Sé loòóto ni pe ile ejò ní ki wón fi Simon Ekpa ránṣé sí Naijiria?","Se loòotọ ni pe ilé ejo ní kí wọ́n fi Simon Ekpa ranse si Naijiria?","non-sarcastic","BBC News","original"
"45","Ọwọ́ ọlọ́pàá tẹ àwọn tó ń fi èèyàn ṣòwò ẹrú ní Ibadan, dóòlà èèyàn 84","Owo olopaa te awon to n fi eeyan sowo eru ni Ibadan, doola eeyan 84","Ọwọ́ ọlópàa tẹ awọn tó ń fi èèyàn ṣòwo eru ní Ibadan, dóòla èèyan 84","Owọ ọlopaá te àwọn tó n fi èèyàn sowo ẹru ni Ibadan, doòlà eeyàn 84","Ọwo olopaá te àwon tó n fi eeyan ṣowo eru ni Ibadan, doòla eeyan 84","non-sarcastic","BBC News","original"
"46","Wọ́n ti sin òkú Pope Francis - Ẹ wo bí ètò ìsìnkú nàá ṣe lọ","Won ti sin oku Pope Francis - E wo bi eto isinku naa se lo","Wọ́n ti sin okú Pope Francis - Ẹ wo bi ètò ìsìnkú nàá ṣe lọ","Wọn ti sin okú Pope Francis - Ẹ wo bi etò isìnkú naa ṣe lo","Wọn ti sin oku Pope Francis - Ẹ wo bi eto isinku naa se lo","non-sarcastic","BBC News","original"
"47","Akọrin tàkasúfèé, Terry Apala, di èèrò ẹ̀wọ̀n fún ẹ̀sùn pé ó tàbùkù owó náírà","Akorin takasufee, Terry Apala, di eero ewon fun esun pe o tabuku owo naira","Akọrin tàkasúfèé, Terry Apala, di èerò èwon fun esùn pé o tàbùku owó naírà","Akorin tàkasúfèé, Terry Apala, di eerò ẹwon fún esun pe o tabùku owó naíra","Akọrin takasufee, Terry Apala, di eèro ẹwòn fun èsùn pe ó tabuku owó naira","non-sarcastic","BBC News","original"
"48","Ó sàn kí o dá ilémoṣú ju kí o máa tẹríba fọ́kùnrin lọ","O san ki o da ilemosu ju ki o maa teriba fokunrin lo","Ó sàn ki o dá ilémosú ju kí o máa teríba fókunrin lọ","O sàn kí o dá ilémoṣú ju kí o maa tẹríba fókunrin lo","O san kí o da ilémosu ju ki o máa tẹríba fokunrin lọ","sarcastic","BBC News","original"
"49","Wo ànfààní tó wà nínú jíjẹ́un làí kánjú","Wo anfaani to wa ninu jijeun lai kanju","Wo anfaàní to wà nínú jíjẹun làí kanjú","Wo ànfaaní tó wa nínu jíjẹun lai kanjú","Wo anfaani to wà ninu jíjẹun lai kanju","non-sarcastic","BBC News","original"
"50","Bí o ṣe le lo Etí Erin (Aloe Vera) fún ìṣaralóge àti ìwòsàn àgọ́ ara","Bi o se le lo Eti Erin (Aloe Vera) fun isaraloge ati iwosan ago ara","Bi o ṣe le lo Etí Erin (Aloe Vera) fun ìsaralóge àti ìwòsàn agọ́ ara","Bí o ṣe le lo Etí Erin (Aloe Vera) fun ìṣaraloge ati ìwosàn àgó ara","Bí o se le lo Eti Erin (Aloe Vera) fun isaraloge àti iwosàn àgọ ara","non-sarcastic","BBC News","original"
"51","Ǹ jẹ́ ò ń fọ nǹkan ìmumi rẹ dáadáa bó ṣe yẹ?","N je o n fo nnkan imumi re daadaa bo se ye?","Ǹ jẹ́ o ń fọ nǹkan ìmumi rẹ dáadáa bó ṣe ye?","Ǹ je ò ń fọ nǹkan ìmumi rẹ daadaa bo se yẹ?","N je ò n fọ nǹkan imumi re daadaa bo ṣe ye?","non-sarcastic","BBC News","original"
"52","Ṣe ó ṣeéṣe kí wọ́n yan Póòpù tuntun láti Africa?","Se o seese ki won yan Poopu tuntun lati Africa?","Ṣe ó ṣeéṣe kí wón yan Poòpù tuntun láti Africa?","Ṣe ó seéṣe ki wọ́n yan Poòpù tuntun lati Africa?","Se o seeṣe kí wọ́n yan Poopù tuntun lati Africa?","non-sarcastic","BBC News","original"
"53","Láti ìbẹ̀rẹ̀ ni ọkọ mi ti lawọ́ sí mi, lèmi náà gbọdọ̀ ṣe jẹ́ ọmọ dáadáa - Shade Okoya","Lati ibere ni oko mi ti lawo si mi, lemi naa gbodo se je omo daadaa - Shade Okoya","Láti ìbẹ̀rè ni oko mi ti lawọ́ sí mi, lèmi naà gbọdọ̀ se jé omọ dáadáa - Shade Okoya","Lati ìbère ni oko mi ti lawọ sí mi, lemi naa gbodo ṣe jẹ́ ọmọ daadáa - Shade Okoya","Lati ìberẹ ni okọ mi ti lawọ si mi, lemi náà gbodọ se jẹ omọ daadáa - Shade Okoya","non-sarcastic","BBC News","original"
"54","'Ebi kọ́ ló mú kí àwọn ọmọ mi máa bá mi ṣiṣẹ́ fọga, kí ọjọ́ ọ̀la wọn le dára ni'","'Ebi ko lo mu ki awon omo mi maa ba mi sise foga, ki ojo ola won le dara ni'","'Ebi kọ lo mú kí àwọn omọ mi máa bá mi ṣiṣẹ́ foga, kí ọjo ọ̀la wọn le dara ni'","'Ebi ko ló mu ki àwọn ọmọ mi máa bá mi ṣisẹ fọga, ki ojọ òla won le dára ni'","'Ebi ko ló mu kí awon ọmọ mi maa ba mi ṣise foga, ki ojọ òla won le dara ni'","non-sarcastic","BBC News","original"
"55","'Mò n fi èdè Ìjẹ̀bú kọ́ àwọn akẹ́kọ̀ọ́ mi ní ìṣirò nítorí mo fẹ́ kó yé wọn dáàdáà'","'Mo n fi ede Ijebu ko awon akekoo mi ni isiro nitori mo fe ko ye won daadaa'","'Mò n fi ède Ijẹbu kọ́ àwọn akẹ́kọ̀o mi ní ìṣiro nítori mo fẹ́ kó yé wọn dáàdáà'","'Mo n fi ede Ijèbu kọ àwọn akekòó mi ní ìsirò nitorí mo fe ko yé won dáadáà'","'Mo n fi edè Ijẹbu kọ awon akekoọ́ mi ni isiro nitorí mo fé ko ye won daadaa'","non-sarcastic","BBC News","original"
"56","Ìlú Igboho rèé, níbi tí ọba mẹ́ta ti ń ṣèlú, ta ni ojúlówó ọba láàrin wọn?","Ilu Igboho ree, nibi ti oba meta ti n selu, ta ni ojulowo oba laarin won?","Ilu Igboho rèé, níbi tí oba mẹ́ta ti ń ṣèlú, ta ni ojúlówo ọba láàrin wọn?","Ìlu Igboho rèé, nibi tí oba méta ti ń selu, ta ni ojúlowo oba láarin won?","Ìlu Igboho ree, nibi ti ọba meta ti n selu, ta ni ojulowo oba láarin won?","non-sarcastic","BBC News","original"
"57","Ṣó o láyà? Tope Osoba fakọyọ nínú ìmọ̀ èdè Yoruba","So o laya? Tope Osoba fakoyo ninu imo ede Yoruba","Só o láyà? Tope Osoba fakoyọ nínú imọ̀ èdè Yoruba","Só o layà? Tope Osoba fakoyo nínu imo èdè Yoruba","So o laya? Tope Osoba fakoyo nínu imo edè Yoruba","non-sarcastic","BBC News","original"
"58","""N kò bẹ̀rẹ̀ iṣẹ́ ilé kíkùn pẹ̀lú owó gbígbà, owó ọkọ̀ àti oúnjẹ Noodles nìkan ni wọn ń fún mi""","""N ko bere ise ile kikun pelu owo gbigba, owo oko ati ounje Noodles nikan ni won n fun mi""","""N kò bẹ̀rẹ̀ isẹ ilé kíkùn pẹ̀lú owó gbigba, owó okọ̀ àti oúnje Noodles nìkan ni wọn ń fun mi""","""N ko bẹ̀re isẹ ilé kikun pèlú owo gbígba, owo ọko ati oúnjẹ Noodles nìkan ni wọn ń fun mi""","""N ko bere ise ile kíkun pelú owo gbigba, owo okò ati ounje Noodles nikan ni wọn ń fun mi""","non-sarcastic","BBC News","original"
"59","""Àpá tó so sí àgbọ̀n mi (Keloid) ló fa iṣẹ́ abẹ, mo lọ tan iná sójú ọgbẹ́ náà àmọ́ UCH fọ́ mi lójú""","""Apa to so si agbon mi (Keloid) lo fa ise abe, mo lo tan ina soju ogbe naa amo UCH fo mi loju""","""Àpa tó so sí àgbòn mi (Keloid) ló fa ise abe, mo lo tan ina sójú ọgbẹ́ náà amó UCH fọ́ mi lójú""","""Apá to so sí àgbon mi (Keloid) lo fa isé abẹ, mo lọ tan iná sójú ọgbẹ́ náà àmo UCH fọ mi loju""","""Apá to so si agbọn mi (Keloid) lo fa iṣe abe, mo lọ tan ina sóju ogbẹ náa àmo UCH fó mi loju""","non-sarcastic","BBC News","original"
"60","Russia rọ̀jò àdó olóró sórí Ukraine, èèyàn 34 kú, 117 míì farapa","Russia rojo ado oloro sori Ukraine, eeyan 34 ku, 117 mii farapa","Russia ròjo adó olóró sórí Ukraine, èeyàn 34 kú, 117 míì farapa","Russia rọ̀jo àdó oloro sóri Ukraine, èeyàn 34 kú, 117 miì farapa","Russia ròjo ado oloro sori Ukraine, eeyan 34 ku, 117 mii farapa","non-sarcastic","BBC News","original"
"61","Ohun tó yẹ kí o mọ̀ nípa ẹgbẹ́ agbébọn Mahmuda tó ń ṣoro nípìnlẹ̀ Kwara","Ohun to ye ki o mo nipa egbe agbebon Mahmuda to n soro nipinle Kwara","Ohun tó yẹ ki o mọ̀ nípa ẹgbe agbébon Mahmuda to ń soro nípìnlè Kwara","Ohun to yẹ ki o mò nípa ẹgbẹ́ agbebọn Mahmuda tó n ṣoro nipìnlè Kwara","Ohun to ye ki o mò nipa egbé agbébon Mahmuda to n soro nípinle Kwara","non-sarcastic","BBC News","original"
"62","Báwo ni wọ́n ṣe ń yan Póòpù tuntun?","Bawo ni won se n yan Poopu tuntun?","Báwo ni wọ́n ṣe ń yan Poopù tuntun?","Bawo ni wọ́n ṣe n yan Poopu tuntun?","Bawo ni won se n yan Póopu tuntun?","non-sarcastic","BBC News","original"
"63","Pásítọ̀ kó sí gbaga fún ṣíṣe aṣemáṣe pẹ̀lú ọmọdé tó jẹ́ àkàndá l'Ondo","Pasito ko si gbaga fun sise asemase pelu omode to je akanda l'Ondo","Pásíto kó sí gbaga fún ṣise asemaṣe pẹlú ọmodé to jẹ́ àkandá l'Ondo","Pásitọ kó sí gbaga fun síṣe asemaṣe pẹlú ọmọdé tó jẹ akàndá l'Ondo","Pasito ko sí gbaga fún sise aṣemáse pelu omode to je akanda l'Ondo","non-sarcastic","BBC News","original"
"64","Afurasí tó ń ṣagolo-ṣàgò gún ọmọ-ọmọ olórin Asiko, Comfort Omoge pa l'Ondo","Afurasi to n sagolo-sago gun omo-omo olorin Asiko, Comfort Omoge pa l'Ondo","Afurasí tó ń sagolo-ṣàgò gún ọmọ-ọmọ olórin Asiko, Comfort Omoge pa l'Ondo","Afurasi to ń ṣagolo-sàgo gun omọ-omo olorin Asiko, Comfort Omoge pa l'Ondo","Afurasi to n sagolo-sago gún ọmo-ọmo olórin Asiko, Comfort Omoge pa l'Ondo","non-sarcastic","BBC News","original"
"65","Èyí ni ìdí tí mo ṣe fi iṣẹ́ Fada sílẹ̀ nínú ìjọ Àgùda, tí mo sì di oníṣẹ̀ṣe","Eyi ni idi ti mo se fi ise Fada sile ninu ijo Aguda, ti mo si di onisese","Èyi ni ìdi tí mo se fi iṣẹ́ Fada silẹ nínú ìjo Àgùda, tí mo sì di oníṣẹ̀ṣe","Eyí ni ìdi tí mo se fi iṣẹ Fada silẹ ninu ijọ Aguda, tí mo si di onísese","Eyí ni ìdi ti mo se fi isẹ Fada silẹ̀ nínú ijo Aguda, ti mo sì di onisese","non-sarcastic","BBC News","original"
"66","Ọmọ Ghana mẹ́sàn án tí wọ́n fi iṣẹ́ tàn kúrò nílé, bá ara wọn nígbèkùn  ní Mowe, nípìnlẹ̀ Ogun","Omo Ghana mesan an ti won fi ise tan kuro nile, ba ara won nigbekun  ni Mowe, nipinle Ogun","Omọ Ghana mẹ́sàn án tí won fi iṣẹ́ tan kúrò nile, bá ara wọn nigbèkùn  ní Mowe, nípìnlẹ̀ Ogun","Ọmo Ghana mẹsàn an tí wón fi ise tàn kúrò nílé, ba ara won nígbekùn  ni Mowe, nipìnlè Ogun","Omo Ghana mẹsan an tí won fi isé tàn kuro nile, ba ara won nigbekun  ni Mowe, nipinle Ogun","non-sarcastic","BBC News","original"
"67","Francis, ẹ̀ṣọ́ aláàbò nílé ijó tó di Póòpù tó mú àyípadà ńlá bá ìjọ Kátólíìkì","Francis, eso alaabo nile ijo to di Poopu to mu ayipada nla ba ijo Katoliiki","Francis, ẹ̀só aláabò nílé ijó tó di Póòpù tó mú àyípada ńlá bá ìjọ Kátólíìkì","Francis, ẹsó alaàbò nilé ijó tó di Poopu to mu àyipadà nla bá ìjọ Kátolíìkì","Francis, ẹso alaabò nilé ijo tó di Póopu to mu àyipada nla ba ijo Katoliiki","non-sarcastic","BBC News","original"
"68","Kìnìún wọ ilé onílé, ó pa ọmọ ọdún mẹ́rìnlá","Kiniun wo ile onile, o pa omo odun merinla","Kìniún wọ ile onilé, o pa ọmo ọdún merìnlá","Kìniún wọ ile onilé, o pa ọmo ọdun merìnla","Kinìun wọ ile onile, ó pa omo ọdún merìnlá","non-sarcastic","BBC News","original"
"69","Àwọn ajínigbé ṣọṣẹ́ ní Kwara, jí gbogbo èèrò inú ọkọ̀ gbé","Awon ajinigbe sose ni Kwara, ji gbogbo eero inu oko gbe","Àwọn ajinigbé sọsé ni Kwara, jí gbogbo èèrò inu ọkò gbé","Awon ajinigbé ṣoṣe ni Kwara, jí gbogbo èèro inú ọko gbé","Awon ajínigbe sosẹ ni Kwara, ji gbogbo eero inu oko gbé","non-sarcastic","BBC News","original"
"70","Lo ojú òpó yìí láti mọ̀ bóyá o ní ìfúnpá gíga tàbí wà nínú ewu láti ní i","Lo oju opo yii lati mo boya o ni ifunpa giga tabi wa ninu ewu lati ni i","Lo ojú òpó yìí láti mò bóya o ní ìfunpá gíga tàbí wa ninu ewu láti ní i","Lo oju òpo yií láti mọ bóyá o ni ìfúnpa gíga tàbi wà nínu ewu lati ní i","Lo oju òpó yii lati mọ̀ bóya o ní ifunpá giga tabi wa ninu ewu lati ni i","non-sarcastic","BBC News","original"
"71","Akẹ́kọ̀ọ́ fásitì OAU gan mọ́ iná lásìkò tó ń gbá bọ́ọ̀lù","Akekoo fasiti OAU gan mo ina lasiko to n gba boolu","Akẹ́kọ̀ọ́ fásiti OAU gan mo iná lasìkò tó ń gbá bóọ̀lù","Akekoó fasiti OAU gan mọ́ iná lásìkò tó n gbá bóọlù","Akekoo fasitì OAU gan mo ina lasiko tó n gba bóọlu","non-sarcastic","BBC News","original"
"72","Christian Chukwu, akọ́nimọ̀ọ́gbá Super Eagles tẹ́lẹ̀, jáde láyé","Christian Chukwu, akonimoogba Super Eagles tele, jade laye","Christian Chukwu, akọ́nimòọgbá Super Eagles tẹ́lẹ̀, jáde laye","Christian Chukwu, akonimọọ́gbá Super Eagles telẹ̀, jáde láye","Christian Chukwu, akọnimoógba Super Eagles tele, jade laye","non-sarcastic","BBC News","original"
"73","Kí ló dé tí ẹnu fi ń kun ẹgbẹ́ agbábọ́ọ̀lù 3SC ilẹ̀ Ibadan?","Ki lo de ti enu fi n kun egbe agbaboolu 3SC ile Ibadan?","Kí ló de tí enu fi ń kun ẹgbẹ agbábóọ̀lù 3SC ile Ibadan?","Kí lo dé tí ẹnu fi n kun ẹgbe agbabọ́ọ̀lù 3SC ile Ibadan?","Ki ló de ti enu fi n kun egbe agbaboolu 3SC ile Ibadan?","non-sarcastic","BBC News","original"
"74","Ṣé lóòtọ́ọ́ ní pé gbèsè ló lé Segun Olanrewaju, abẹ̀sẹ́kùbíòjò tó kú lójú ìjà, padà sídìí ẹ̀ṣẹ́ kíkàn? Àwọn mọ̀lẹ́bí rẹ̀ sọ̀rọ̀","Se lootoo ni pe gbese lo le Segun Olanrewaju, abesekubiojo to ku loju ija, pada sidii ese kikan? Awon molebi re soro","Sé lóòtọ́ọ́ ní pé gbèsè ló lé Segun Olanrewaju, abèsẹ́kùbiòjò tó ku lojú ijà, padà sídìí ẹ̀sé kíkàn? Àwọn mòlẹ́bí re sọ̀rọ̀","Ṣé loòtọ́ó ni pé gbèse ló le Segun Olanrewaju, abẹsẹ́kùbiòjo to kú lójú ìja, padà sídìí ese kikàn? Awon mòlẹ́bi re sọrọ̀","Sé loòtọ́o ni pe gbese lo lé Segun Olanrewaju, abesekubiojo to ku lóju ija, pada sidii ese kikan? Awon molebi re soro","non-sarcastic","BBC News","original"
"75","Abẹ̀ṣẹ́kú-bí-òjò, George Foreman, jáde láyé","Abeseku-bi-ojo, George Foreman, jade laye","Abẹṣẹ́kú-bí-òjò, George Foreman, jáde láyé","Abẹ̀sékú-bi-ojò, George Foreman, jáde laye","Abèsẹku-bi-òjò, George Foreman, jade laye","non-sarcastic","BBC News","original"
"76","Bàbá onílé yìnbọn mọ́ ọmọdé tó gbá bọ́ọ̀lù sínú ọgbà ilé rẹ̀, ọ̀rọ̀ bẹ́yìn yọ","Baba onile yinbon mo omode to gba boolu sinu ogba ile re, oro beyin yo","Bàbá onilé yìnbon mó ọmọdé tó gbá bọ́ọ̀lù sínú ọgbà ilé rẹ̀, ọrọ bẹ́yìn yọ","Babá oníle yìnbon mó ọmode tó gba bọ́ọ̀lu sinu ọgba ilé rè, òrọ bẹyìn yo","Baba oníle yinbon mo omodé to gbá bọolu sinu ogba ile re, ọ̀rò beyin yo","non-sarcastic","BBC News","original"
"77","'Ìfẹ́ tí mo ní sí ọ̀bọ ló jẹ́ kí n bẹ̀rẹ̀ eré ìdárayá lílo ọwọ́ àti ẹsẹ̀ fi sáré'","'Ife ti mo ni si obo lo je ki n bere ere idaraya lilo owo ati ese fi sare'","'Ìfẹ́ tí mo ni sí ọ̀bọ ló jẹ kí n bẹ̀rẹ eré ìdáraya lílo ọwọ́ àti ẹsẹ fi sáré'","'Ifẹ́ tí mo ní si òbo lo jẹ́ ki n bẹ̀re ere ìdarayá lilo ọwó àti esè fi sáré'","'Ife ti mo ni sí ọbo lo jé ki n berẹ ere idaraya lilo ọwo ati ẹsẹ fi sare'","non-sarcastic","BBC News","original"
"78","Karim Adeyemi, agbábọ́ọ̀lù ọmọ Naijiria tó ń ran àwọn ọ̀dọ́ lọ́wọ́","Karim Adeyemi, agbaboolu omo Naijiria to n ran awon odo lowo","Karim Adeyemi, agbábóọ̀lu ọmọ Naijiria to ń ran àwọn ọdó lọ́wọ́","Karim Adeyemi, agbabọòlu ọmo Naijiria tó ń ran àwon ọ̀dọ lọ́wo","Karim Adeyemi, agbaboọlu omo Naijiria to n ran awon òdo lowo","non-sarcastic","BBC News","original"
"79","Mọ̀ nípa ọdún eégún ìlú Ekan-Meje, níbi tó ti jẹ́ èèwọ̀ láti gbé àjẹkù oúnjẹ́ lọ sílé látibi ọdún","Mo nipa odun eegun ilu Ekan-Meje, nibi to ti je eewo lati gbe ajeku ounje lo sile latibi odun","Mo nipa ọdún eégún ìlú Ekan-Meje, nibi tó ti jé èèwọ̀ láti gbé àjẹkù oúnjẹ́ lọ sílé latibi odún","Mo nipa ọdun eegun ìlú Ekan-Meje, nibi to ti jé eèwọ̀ lati gbe àjeku oúnjé lọ síle látibi ọdún","Mò nipa odún eégún ilu Ekan-Meje, níbi tó ti je èewo lati gbé ajekù ounjé lo sile latibi odun","non-sarcastic","BBC News","original"
"80","Eniola Badmus àti Laide Bakare fìjà pẹ́ẹta níbi ìfilọ́lẹ̀ fíìmù Eniola Ajao","Eniola Badmus ati Laide Bakare fija peeta nibi ifilole fiimu Eniola Ajao","Eniola Badmus àti Laide Bakare fìjà péẹta nibi ifilọ́lẹ fíìmù Eniola Ajao","Eniola Badmus àti Laide Bakare fijà peẹta nibi ifilọ́lè fíimù Eniola Ajao","Eniola Badmus àti Laide Bakare fija peẹta nibi ifilole fíimu Eniola Ajao","non-sarcastic","BBC News","original"
"81","Wo iléẹ̀kọ́ àwọn olóyún tí wọn ti ń gba àmì ẹ̀yẹ fún ijó jíjó, oge ṣíṣe àti ìmọ́tótó","Wo ileeko awon oloyun ti won ti n gba ami eye fun ijo jijo, oge sise ati imototo","Wo iléẹkọ́ awọn olóyún tí wọn ti ń gba àmì èyẹ fún ijó jíjo, oge síṣe àti ìmọtotó","Wo iléẹko awon olóyún ti wọn ti ń gba àmi ẹ̀ye fún ijó jijo, oge síṣe àti imototó","Wo ileèko àwon oloyun tí won ti ń gba ami eye fun ijo jijó, oge ṣise àti imọtotó","non-sarcastic","BBC News","original"
"82","Agbébọn jí pásítọ̀ gbé lásìkò ìwàásù nínú ṣọ́ọ̀ṣì","Agbebon ji pasito gbe lasiko iwaasu ninu soosi","Agbébọn jí pasítọ̀ gbé lasìkò ìwaásù nínu ṣọ́òṣì","Agbebon jí pasitọ gbe lasìkò ìwàásu nínú sọọ̀ṣi","Agbebon ji pasitọ gbe lasikò iwaásu ninu ṣọosi","non-sarcastic","BBC News","original"
"83","Mi ò kábàmọ́ọ̀ pé ìyàwó mi tó kú nigbà tó fẹ́ bímọ kò forúkọ sílẹ̀ nílé ìwòsàn - Folajimi","Mi o kabamoo pe iyawo mi to ku nigba to fe bimo ko foruko sile nile iwosan - Folajimi","Mi ò kabàmọọ̀ pé ìyàwo mi tó kú nigbà tó fẹ́ bímọ kò forukọ sílè nílé ìwòsàn - Folajimi","Mi o kábàmóọ̀ pe iyàwo mi to kú nigba tó fé bimo ko forúkọ sílè nile iwòsan - Folajimi","Mi o kabamoo pe iyawó mi tó kú nigbà to fẹ bimọ ko forúko sile níle iwosàn - Folajimi","non-sarcastic","BBC News","original"
"84","Àní ká fi ọ̀rọ̀ ọ̀hún mu tábà ní gbẹ́rẹ́fu. Ọ̀rọ̀ burúkú tòun tẹ̀rín","Ani ka fi oro ohun mu taba ni gberefu. Oro buruku toun terin","Àni ká fi ọ̀rọ ọhún mu tábà ní gbẹ́rẹ́fu. Ọ̀rọ burúku tòun tẹ̀rín","Ani ka fi òrọ ọ̀hún mu tába ni gberefu. Òro buruku tòun terín","Ani ka fi oro ọhun mu taba ní gbẹrefu. Ọro burúku toun terín","non-sarcastic","BBC News","original"
"85","Ẹ tún fẹ́ gbé wa mọ́ra àbí? Ẹ ti pawó sápò yín tán àbí bẹ́ẹ̀ kọ́?","E tun fe gbe wa mora abi? E ti pawo sapo yin tan abi bee ko?","Ẹ tun fé gbé wa móra àbi? Ẹ ti pawó sápo yín tan àbí bẹ́ẹ kọ́?","E tun fé gbé wa móra abí? Ẹ ti pawo sápò yin tán abí beè kọ?","Ẹ tún fe gbé wa mora abí? E ti pawo sapo yin tán àbi bee kó?","non-sarcastic","BBC News","original"
"86","Pàtàkì ni oyè Kudẹfù lóde Ọ̀yọ́, Gẹ́gẹ́bí aláàfin tó bá jẹ, bí èèyàn bá ti jẹ Kúdẹfù kò gbọdọ̀ fi ààfin Ọ̀yọ́ sílẹ̀","Pataki ni oye Kudefu lode Oyo, Gegebi alaafin to ba je, bi eeyan ba ti je Kudefu ko gbodo fi aafin Oyo sile","Pàtàkì ni oyè Kudẹfù lóde Oyọ́, Gégẹ́bí aláàfin tó ba jẹ, bí èeyan bá ti jẹ Kudefù kò gbọdọ̀ fi ààfin Ọ̀yo sílẹ̀","Pàtàki ni oyè Kudẹfu lóde Ọyọ, Gegẹbi alaafin tó bá jẹ, bí èèyàn ba ti je Kudẹfù ko gbodò fi ààfin Ọyọ sílè","Pataki ni oye Kudefu lóde Òyọ, Gégebi alaafin to bá jẹ, bí eèyan ba ti je Kúdẹfù ko gbodo fi aafin Oyo silè","non-sarcastic","X","original"
"87","Ọ̀pọ̀lọpọ̀ fóònù olówó iyebíye tuntun ló jóná nínú ìjàmbá iná ọ̀hún","Opolopo foonu olowo iyebiye tuntun lo jona ninu ijamba ina ohun","Ọ̀polọpọ̀ fóònù olowó iyebíye tuntun lo jona nínu ijambá iná ọhún","Opọlọpò foònu olowó iyebiye tuntun ló joná ninu ijàmba ina òhun","Ọ̀pòlopò foònu olowo iyebiye tuntun lo jóna ninu ijamba ina ọhun","non-sarcastic","BBC News","original"
"88","Nlẹ o, abéwúrẹ́ sọ̀rọ̀, wọ́n ti kọ̀ǹgọ́ bọ ìlù","Nle o, abewure soro, won ti kongo bo ilu","Nlẹ o, abéwure sòrọ̀, wọn ti kọngọ́ bọ ilù","Nle o, abewurẹ́ sọrò, won ti kongọ́ bo ìlu","Nle o, abewure soro, wọn ti koǹgo bọ ilu","non-sarcastic","BBC News","original"
"89","Ìgbà gbá mi dànù, mo wá ńhùwà bí àkọ́ọ̀gbà","Igba gba mi danu, mo wa nhuwa bi akoogba","Igbà gbá mi dànu, mo wá ńhuwà bí àkọọ̀gbà","Igba gba mi danu, mo wa ńhùwà bi àkọ́ogbà","Ìgba gba mi danu, mo wá nhuwa bi akọ́ọgba","sarcastic","YouTube","original"
"90","Ata gígún ni ilé ayé","Ata gigun ni ile aye","Ata gigún ni ilé aye","Ata gígun ni ilé aye","Ata gigun ni ilé aye","sarcastic","YouTube","original"
"91","O ti ní ìríríi táláká púpọ̀","O ti ni iririi talaka pupo","O ti ni ìríríi táláká pupọ̀","O ti ni ìririi táláká pupọ̀","O ti ni ìririi tálaka pupo","sarcastic","YouTube","original"
"92","Níbi tí mo ti ń ṣiṣẹ́, bàbá, mo wọ́ ike owó kan ni jàre","Nibi ti mo ti n sise, baba, mo wo ike owo kan ni jare","Nibi ti mo ti ń ṣiṣẹ́, baba, mo wọ́ ike owó kan ni jàre","Níbi ti mo ti n sisẹ, bàba, mo wọ ike owo kan ni jare","Nibi tí mo ti n siṣẹ, babá, mo wo ike owó kan ni jàre","sarcastic","YouTube","original"
"93","Kílọdé tí o ní éńjìnì Benz tí o wá ńfi kórópe wàá?","Kilode ti o ni enjini Benz ti o wa nfi korope waa?","Kílọdé ti o ní énjinì Benz tí o wá ńfi kórópe wàá?","Kilodé ti o ní eńjini Benz ti o wa ńfi korope wàa?","Kilọde ti o ni éńjìni Benz ti o wá nfi kórope wàa?","sarcastic","YouTube","original"
"94","Tí wọ́n bá ti nfi ọkọ ayọ́kẹ́lẹ́ gbe ènìyàn, yóò ma yọ́ kẹ́lẹ́kẹ́lẹ́ nọ́ọ̀ni","Ti won ba ti nfi oko ayokele gbe eniyan, yoo ma yo kelekele nooni","Tí wọ́n ba ti nfi ọkọ ayọ́kẹlẹ́ gbe ènìyàn, yóò ma yó kelẹ́kẹ́lẹ́ nóọ̀ni","Ti wón bá ti nfi ọkọ ayọ́kẹlẹ́ gbe èniyan, yoò ma yọ́ kelẹkelẹ́ nọ́ọ̀ni","Tí won ba ti nfi oko ayọ́kelé gbe ènìyan, yóò ma yo kẹ́lekele noọni","sarcastic","YouTube","original"
"95","Lẹ́yìn ò rẹyìn, EFCC ṣàlàyé ìdí tí VDM fi wà ní àhámọ́ rẹ̀","Leyin o reyin, EFCC salaye idi ti VDM fi wa ni ahamo re","Lẹ́yìn ò rẹyin, EFCC ṣalàyé ìdí ti VDM fi wà ní àhámọ́ rẹ","Leyìn ò reyìn, EFCC salaye ìdí tí VDM fi wà ní ahamo rè","Lẹ́yìn o reyin, EFCC salaye idí ti VDM fi wa ni ahámọ re","non-sarcastic","YouTube","original"
"96","Ọọ̀ní ṣe pàtàkì fún ìṣọ̀kan àti ìlọsíwájú Naijiria – Goodluck Jonathan","Ooni se pataki fun isokan ati ilosiwaju Naijiria – Goodluck Jonathan","Ooni ṣe pàtàkì fún ìṣọ̀kan àti ìlọsíwáju Naijiria – Goodluck Jonathan","Ọọ̀ni se pataki fún iṣọkan ati ìlosiwájú Naijiria – Goodluck Jonathan","Oòni se patakì fun iṣokan ati ilọsiwáju Naijiria – Goodluck Jonathan","non-sarcastic","YouTube","original"
"97","Ìdí rèé tí Ọlọ́pàá àti Amotekun ṣe kọjú ìjà síra wọn l'Ondo, tí ọ̀pọ̀ èèyàn sì farapa","Idi ree ti Olopaa ati Amotekun se koju ija sira won l'Ondo, ti opo eeyan si farapa","Ìdí rèé tí Ọlopàá àti Amotekun ṣe kọju ìjà síra wọn l'Ondo, tí ọ̀pọ eèyàn si farapa","Idí ree ti Ọlọpàa àti Amotekun se kọjú ija sira wọn l'Ondo, ti ọpọ̀ èeyàn si farapa","Idi rèé ti Olopaa ati Amotekun se koju ija sira won l'Ondo, tí opò èeyan si farapa","non-sarcastic","BBC News","original"
"98","Kí ló ń fa àṣìṣe lórí ètò ẹ̀yáwó akẹ́kọ̀ọ́, táwọn akẹ́kọ̀ọ́jáde fi ń rí ẹ̀yáwó náà gba?","Ki lo n fa asise lori eto eyawo akekoo, tawon akekoojade fi n ri eyawo naa gba?","Ki lo n fa àsìṣe lórí etò èyawo akẹkọ̀ọ́, táwọn akẹ́kọójáde fi ń ri ẹyawo náà gba?","Kí ló ń fa aṣìse lórí eto eyawo akẹ́kòọ, táwọn akekoojade fi ń rí èyáwo náà gba?","Ki lo n fa aṣìse lori eto eyawo akẹkoo, tawọn akekòojade fi n ri eyawó naa gba?","non-sarcastic","BBC News","original"
"99","""Amotekun gbé àbúrò mi lọ́jọ́ Àìkú, pa á lọ́jọ́ Ajé, ọ̀gá wọn ń bẹ̀ mi, kí ń gba N1m láti fi sin ín""","""Amotekun gbe aburo mi lojo Aiku, pa a lojo Aje, oga won n be mi, ki n gba N1m lati fi sin in""","""Amotekun gbé àburò mi lọ́jọ́ Àìkú, pa á lọ́jọ́ Aje, òga wọn ń bẹ mi, ki n gba N1m láti fi sin ín""","""Amotekun gbe àbúro mi lojọ Aiku, pa a lójo Ajé, ọ̀gá wọn n bè mi, ki n gba N1m láti fi sin ín""","""Amotekun gbé àburo mi lójọ Aiku, pa a lojo Ajé, ogá won ń be mi, ki n gba N1m láti fi sin in""","non-sarcastic","BBC News","original"
"100","Ìyàwó ilé méjì dèrò ẹ̀wọ̀n fún fífi PoS ta owó náírà tó tó N3.8m àti N1.6m","Iyawo ile meji dero ewon fun fifi PoS ta owo naira to to N3.8m ati N1.6m","Ìyawó ilé mejì dèrò ẹ̀wọ̀n fun fifi PoS ta owo náíra tó tó N3.8m ati N1.6m","Iyàwó ilé méji dèrò ẹ̀won fún fífi PoS ta owo náíra to tó N3.8m àti N1.6m","Iyawo ile méji derò ẹwon fun fifi PoS ta owo nairà to to N3.8m ati N1.6m","non-sarcastic","BBC News","original"
"101","Ọlọ́pàá ṣàwárí obìnrin tó sọnù láti ọdún 1962","Olopaa sawari obinrin to sonu lati odun 1962","Ọlọpaá ṣawárí obìnrin to sonù láti ọdun 1962","Ọlopàa ṣàwárí obìnrin tó sọnù lati odún 1962","Olopaa sawári obinrin to sọnu lati ọdun 1962","non-sarcastic","BBC News","original"
"102","Àlàyé lórí ìdí tí Ààrẹ Togo fi lè wà nípò títí láí","Alaye lori idi ti Aare Togo fi le wa nipo titi lai","Àlàyé lórí ìdí tí Ààrẹ Togo fi lè wà nípo tití laí","Àlaye lorí ìdi tí Àare Togo fi lè wa nipo títi laí","Alaye lórí idí ti Aarẹ Togo fi le wa nipò títi lai","non-sarcastic","BBC News","original"
"103","Ìjọ Àgùdà korò ojú sí Trump lórí àwòrán ara à rẹ̀ bíi Póòpù tó gbé síta","Ijo Aguda koro oju si Trump lori aworan ara a re bii Poopu to gbe sita","Ìjọ Àgùdà korò ojú sí Trump lórí awòrán ara à rẹ̀ bíi Póòpù tó gbé síta","Ijọ Agùdà koro ojú si Trump lorí awòran ara a rẹ bíi Póopù tó gbe sita","Ìjo Agudà koro oju si Trump lori aworan ara a re bii Poopu to gbe sita","non-sarcastic","BBC News","original"
"104","Wọ́n sọ fún ìyá mi láti jù mí nù ní kékeré nítorí mo ní àìsàn 'Sickle Cell' àmọ́ mo tí pé ọdún 65 báyìí'","Won so fun iya mi lati ju mi nu ni kekere nitori mo ni aisan 'Sickle Cell' amo mo ti pe odun 65 bayii'","Wọ́n sọ fun iyá mi láti jù mí nù ni kekeré nítorí mo ní aìsàn 'Sickle Cell' àmọ mo tí pé ọdún 65 bayìi'","Wọn sọ fún ìya mi láti ju mi nu ní kekeré nitorí mo ni àìsan 'Sickle Cell' amọ́ mo tí pe ọdún 65 bayii'","Won so fun iyá mi lati ju mi nu ní kekere nítori mo ni aisan 'Sickle Cell' amo mo tí pe odún 65 bayìi'","non-sarcastic","BBC News","original"
"105","Wo àwọn nǹkan tó yẹ láti ṣe tí o bá fẹ́ máa lo ẹ̀rọ a-mú-oúnjẹ-gbóná","Wo awon nnkan to ye lati se ti o ba fe maa lo ero a-mu-ounje-gbona","Wo àwọn nnkan to yẹ láti ṣe tí o bá fẹ́ maa lo ẹ̀ro a-mú-oúnjẹ-gbona","Wo awọn nnkan to yẹ lati ṣe ti o ba fe máa lo ẹro a-mú-ounjẹ-gbóna","Wo awon nnkan to ye lati se ti o ba fe maa lo ẹro a-mú-ounje-gbona","non-sarcastic","BBC News","original"
"106","Ọlọ́pàá bá òkú ọmọ Nàìjíríà tí wọ́n gún pa sínú ilé ní ó ku ọ̀sẹ̀ méjì tó máa parí ìkẹ́kọ̀ọ́ nọ́ọ̀sì ní US","Olopaa ba oku omo Naijiria ti won gun pa sinu ile ni o ku ose meji to maa pari ikekoo noosi ni US","Ọlọ́pàa bá òkú ọmọ Nàìjíría tí wọ́n gun pa sinu ilé ni ó ku ọ̀se mejì tó maa parí ìkẹ́kọ̀o nọọ̀sì ní US","Ọlọ́pàa ba oku ọmo Naìjirià ti wọ́n gun pa sinu ilé ni ó ku ọsè méjì to máa parí ikekòó nóọsi ní US","Olópaa ba òkú omọ Nàijiria ti won gun pa sinú ilé ni o ku òsẹ meji tó maa pari ikẹkoó noosi ni US","non-sarcastic","BBC News","original"
"107","Èmi ni Ọba Fuji, kí Kwam 1 má pe ara rẹ̀ bẹ́ẹ̀ mọ́ – Kollington Ayinla","Emi ni Oba Fuji, ki Kwam 1 ma pe ara re bee mo – Kollington Ayinla","Emi ni Ọba Fuji, kí Kwam 1 má pe ara rẹ béẹ mo – Kollington Ayinla","Emi ni Oba Fuji, kí Kwam 1 má pe ara re beẹ̀ mó – Kollington Ayinla","Emi ni Oba Fuji, kí Kwam 1 má pe ara re béè mo – Kollington Ayinla","non-sarcastic","BBC News","original"
"108","Ǹjẹ́ òfin fàyè gba Gómìnà láti fẹgbẹ́ òṣèlú rẹ̀ sílẹ̀ darapọ̀ mọ́ òmíràn? Ohun tí a mọ̀ rèé","Nje ofin faye gba Gomina lati fegbe oselu re sile darapo mo omiran? Ohun ti a mo ree","Ǹjẹ́ òfin fàyè gba Gómina láti fẹgbé òṣèlu rè silẹ̀ darapọ mọ́ òmíràn? Ohun ti a mò rèe","Ǹjẹ́ òfin faye gba Gominà láti fegbe òṣelu rè silè darapọ̀ mó omiran? Ohun ti a mọ rèe","Njé ofin faye gba Gomina lati fẹgbe òṣelu re sile darapọ mo òmíràn? Ohun ti a mọ reé","non-sarcastic","BBC News","original"
"109","Ìjọba Saudi Arabia kéde ìjìyà tuntun fún àwọn tó ń wọ ilẹ̀ náà lọ́nà àìtọ́","Ijoba Saudi Arabia kede ijiya tuntun fun awon to n wo ile naa lona aito","Ìjọba Saudi Arabia kéde ìjìyà tuntun fún àwon tó n wọ ilẹ̀ náà lọ́nà àitọ́","Ijoba Saudi Arabia kéde ijìya tuntun fún awọn tó n wo ilẹ náà lonà àitọ","Ijoba Saudi Arabia kede ìjìya tuntun fun awon to n wo ilẹ naa lona aitọ","non-sarcastic","BBC News","original"
"110","Mo bù sẹ́kún nígbà tí mo rí fọ́nrán àwọn èèyàn kan tó ń fi mí ṣe yẹ̀yẹ́ nítorí mi ò lọ́kọ - Funke Akindele","Mo bu sekun nigba ti mo ri fonran awon eeyan kan to n fi mi se yeye nitori mi o loko - Funke Akindele","Mo bu sẹkun nígba tí mo rí fonrán àwon èèyan kan to ń fi mí ṣe yẹ̀yẹ́ nítorí mi o lokọ - Funke Akindele","Mo bù sẹ́kún nigbà tí mo ri fọnrán àwon èèyan kan to ń fi mí se yẹyẹ nítori mi ò lóko - Funke Akindele","Mo bù sekun nigbà ti mo rí fonrán awon eeyan kan to n fi mi se yèye nitorí mi o loko - Funke Akindele","non-sarcastic","BBC News","original"
"111","Darandaran tó fi mààlúù jẹko l'Ondo gba ìdájọ́ ẹ̀wọ̀n ọdún mẹ́wàá","Darandaran to fi maaluu jeko l'Ondo gba idajo ewon odun mewaa","Darandaran tó fi maàluù jẹko l'Ondo gba idajó ẹ̀wòn ọdun mẹwaá","Darandaran to fi mààlúù jẹko l'Ondo gba ìdajo èwọ̀n odun mewàa","Darandaran to fi maalúù jẹko l'Ondo gba idajo ewon odún mewaa","non-sarcastic","BBC News","original"
"112","Mọ̀ nípa àtunṣe márùn-un ti INEC fẹ́ẹ́ ṣe sí òfin ìdìbò ilẹ̀ Naijiria","Mo nipa atunse marun-un ti INEC fee se si ofin idibo ile Naijiria","Mọ̀ nípa àtunse márùn-un ti INEC fẹé ṣe sí ofin ìdìbò ilè Naijiria","Mọ̀ nípa àtunṣe márun-un ti INEC fẹ́é se si òfin ìdibò ilè Naijiria","Mọ nipa àtunse marùn-un ti INEC fee se si ofin ìdibò ile Naijiria","non-sarcastic","BBC News","original"
"113","A ò gbà pé ìdájọ́ òdodo ti wáyé lórí ikú Bamise tí awakọ̀ BRT pa - Ẹbí Bamise Ayanwola fárígá lẹ́yìn ìdájọ́","A o gba pe idajo ododo ti waye lori iku Bamise ti awako BRT pa - Ebi Bamise Ayanwola fariga leyin idajo","A ò gbà pé ìdájọ́ ododo ti wáyé lorí ikú Bamise tí awakò BRT pa - Ẹbí Bamise Ayanwola fárígá léyin idájo","A o gbà pé ìdajó ododo ti wáye lori iku Bamise ti awakọ BRT pa - Ẹbi Bamise Ayanwola fáriga léyìn ìdájọ","A o gbà pé ìdajo ododo ti waye lori iku Bamise ti awako BRT pa - Ebi Bamise Ayanwola fariga lẹ́yìn idajo","non-sarcastic","BBC News","original"
"114","A ò bá ohun ìgbéṣùmọ̀mí lára Nnamdi Kanu -Ẹlẹ́rìí tí DSS pè","A o ba ohun igbesumomi lara Nnamdi Kanu -Elerii ti DSS pe","A ò ba ohun ìgbéṣumọ̀mí lára Nnamdi Kanu -Ẹlẹ́rìí tí DSS pè","A o ba ohun ìgbéṣùmọmi lára Nnamdi Kanu -Elẹ́rìi tí DSS pè","A ò ba ohun igbésumòmi lara Nnamdi Kanu -Ẹlerii tí DSS pe","non-sarcastic","BBC News","original"
"115","Ìná tún sọ ní Ibadan, ọ̀pọ̀ dúkìá tún báa lọ","Ina tun so ni Ibadan, opo dukia tun baa lo","Iná tún sọ ni Ibadan, ọ̀pọ̀ dúkìa tun báa lọ","Ìná tun so ní Ibadan, opọ dúkia tun báa lo","Ìna tun so ní Ibadan, opo dukia tun baa lo","non-sarcastic","BBC News","original"
"116","A ṣe àṣìṣe fífi ẹ̀sùn jìbìtì kan NELFUND- ICPC","A se asise fifi esun jibiti kan NELFUND- ICPC","A ṣe aṣìse fífi èsùn jìbìtì kan NELFUND- ICPC","A se asìṣe fífi ẹ̀sun jibiti kan NELFUND- ICPC","A se asiṣe fifi èsun jibìti kan NELFUND- ICPC","non-sarcastic","BBC News","original"
"117","E-Money kìlọ̀ lẹ́yìn tó bọ́ lọ́wọ́ EFCC - Ẹ yé tàbùkù owó náírà mọ́!","E-Money kilo leyin to bo lowo EFCC - E ye tabuku owo naira mo!","E-Money kìlọ̀ lẹyìn tó bọ lọwọ́ EFCC - Ẹ yé tàbùku owó náírà mọ́!","E-Money kìlo léyìn tó bọ lọwọ́ EFCC - Ẹ ye tabukù owo naírà mo!","E-Money kilò lẹ́yin to bó lowo EFCC - E ye tàbùkù owo naira mo!","non-sarcastic","BBC News","original"
"118","NIMC ṣe àfikún iye owó ìforúkọsílẹ̀ àti àtúnṣe NIN","NIMC se afikun iye owo iforukosile ati atunse NIN","NIMC ṣe àfikún iye owó iforukosilẹ̀ àti atúnṣe NIN","NIMC ṣe àfikun iye owo ìforúkọsilè àti àtúnse NIN","NIMC se afikun iye owo ìforúkosile ati àtunse NIN","non-sarcastic","BBC News","original"
"119","Àwọn òṣìṣẹ́ bínú sí ìjọba Naijiria láyàájọ́ ọjọ́ òṣìṣẹ́","Awon osise binu si ijoba Naijiria layaajo ojo osise","Àwọn oṣìṣẹ́ bínú sí ìjọba Naijiria layàájọ ọjó òṣìṣẹ́","Awọn òṣiṣé binú si ijọba Naijiria láyàájọ ojó osiṣẹ","Awon oṣiṣé bínu sí ijoba Naijiria láyaajọ ojo osìse","non-sarcastic","BBC News","original"
"120","Kúdẹ́fù, ẹrú tó di ẹmẹ̀wà Aláàfin tí kò sì gbọ́dọ̀ fi ààfin Ọ̀yọ́ sílẹ̀","Kudefu, eru to di emewa Alaafin ti ko si gbodo fi aafin Oyo sile","Kúdẹ́fù, ẹrú tó di ẹmewà Aláàfin ti kò sì gbọ́dọ fi ààfin Ọ̀yo sílẹ","Kúdéfù, ẹru tó di ẹmẹ̀wa Aláàfin tí ko sì gbódọ fi aafin Òyọ sílẹ","Kudéfu, erú to di ẹmewa Alaafin tí ko si gbodọ fi aafin Ọ̀yo sile","non-sarcastic","BBC News","original"
"121","Wo bí o ṣe lè mọ iléeṣẹ́ tó fi orúkọ sílẹ̀ pẹ̀lu CAC","Wo bi o se le mo ileese to fi oruko sile pelu CAC","Wo bi o ṣe lè mọ iléesẹ́ tó fi orúko sílẹ̀ pèlu CAC","Wo bí o ṣe lè mo ileeṣe tó fi oruko silẹ pẹlu CAC","Wo bi o se lè mo ileesẹ to fi orúko silè pelu CAC","non-sarcastic","BBC News","original"
"122","Owu Waterfalls, ibùdó afẹ́ 'tó léwu ní lílọ̀ láì mú ẹ̀ṣọ́ aláàbò dáni'","Owu Waterfalls, ibudo afe 'to lewu ni lilo lai mu eso alaabo dani'","Owu Waterfalls, ibùdó afẹ́ 'tó lewu ní lílọ̀ láì mú ẹ̀só alaabò dáni'","Owu Waterfalls, ibudó afẹ́ 'to léwu ní lilọ̀ lái mu ẹ̀ṣó aláabo dani'","Owu Waterfalls, ibudo afẹ 'to lewu ni lilọ̀ lai mu eṣọ alaabò dani'","non-sarcastic","BBC News","original"
"123","Ta làwọn ọmọ ilẹ̀ Africa mẹ́ta tó ti jẹ Póòpù ìjọ Àgùdà, kí lò dé tí aláwọ̀ dúdú kankan kò dépo náà mọ́ lẹ́yìn wọn?","Ta lawon omo ile Africa meta to ti je Poopu ijo Aguda, ki lo de ti alawo dudu kankan ko depo naa mo leyin won?","Ta làwọn ọmo ilẹ̀ Africa mẹ́ta tó ti jẹ Póòpù ìjọ Agudà, kí lò dé tí aláwò dudú kankan kò depo náà mó lẹyìn wọn?","Ta làwọn omo ilẹ Africa méta to ti je Poòpu ijo Agudà, ki lo de ti aláwo dudu kankan ko dépo naa mọ leyin wọn?","Ta lawon omo ilè Africa meta to ti je Poopu ìjo Agùdà, ki lò dé ti alawo dudu kankan kò depo naa mọ leyin wọn?","non-sarcastic","BBC News","original"
"124","Bí àwọn èèyàn bá rí mi, ọmọ gómìnà Adeleke ni wọ́n ń pè mí nítorí pé a jọra gidigidi'","Bi awon eeyan ba ri mi, omo gomina Adeleke ni won n pe mi nitori pe a jora gidigidi'","Bi awọn eèyàn bá ri mi, ọmo gómìnà Adeleke ni wọn ń pè mí nitori pe a jọra gidigidi'","Bí awọn eeyan ba rí mi, omo gomìnà Adeleke ni won n pe mi nitori pe a jora gidigidi'","Bi awon èeyan bá ri mi, omo gominà Adeleke ni won n pè mi nitori pe a jora gidigidi'","non-sarcastic","BBC News","original"
"125","Ọjọ́ mẹ́rin ni ọkọ mi fi sá kúrò nílé lẹ́yìn tó gbọ́ pé ìbẹta ni mo bí'","Ojo merin ni oko mi fi sa kuro nile leyin to gbo pe ibeta ni mo bi'","Ọjó mérin ni ọkọ mi fi sa kúrò nilé lẹ́yìn to gbọ pe ìbẹta ni mo bí'","Ọjọ́ mẹrin ni ọkọ mi fi sa kurò níle lẹ́yin to gbọ́ pé ìbeta ni mo bí'","Ọjọ mẹrin ni ọko mi fi sa kuro nile lẹ́yin to gbo pe ibeta ni mo bi'","non-sarcastic","BBC News","original"
"126","Gbèsè ni mo fi tọ́ àwọn ìbejì tó gba First Class, tayọ jù lọ ní UI'","Gbese ni mo fi to awon ibeji to gba First Class, tayo ju lo ni UI'","Gbese ni mo fi to àwọn ìbejì tó gba First Class, tayo jù lọ ni UI'","Gbesè ni mo fi to àwọn ìbeji tó gba First Class, tayo ju lọ ní UI'","Gbesè ni mo fi tó awọn ìbejì to gba First Class, tayo ju lo ní UI'","non-sarcastic","BBC News","original"
"127","Ebi kọ́ ló mú kí àwọn ọmọ mi máa bá mi ṣiṣẹ́ fọga, kí ọjọ́ ọ̀la wọn le dára ni'","Ebi ko lo mu ki awon omo mi maa ba mi sise foga, ki ojo ola won le dara ni'","Ebi kọ́ ló mu kí àwọn ọmo mi maa bá mi ṣiṣe foga, kí ojọ́ ọla won le dara ni'","Ebi kó lo mu ki àwọn omọ mi máa bá mi ṣisé fọga, kí ojo òla won le dára ni'","Ebi kọ lo mu ki awon omo mi maa ba mi sise foga, kí ojo ọla wọn le dara ni'","non-sarcastic","BBC News","original"
"128","Mò n fi èdè Ìjẹ̀bú kọ́ àwọn akẹ́kọ̀ọ́ mi ní ìṣirò nítorí mo fẹ́ kó yé wọn dáàdáà'","Mo n fi ede Ijebu ko awon akekoo mi ni isiro nitori mo fe ko ye won daadaa'","Mò n fi edè Ijẹ̀bú kọ awon akékọ̀ó mi ní ìṣiro nítorí mo fẹ kó yé wọn dáadáà'","Mò n fi èdè Ijèbu kọ awọn akẹkòọ mi ni ìsiro nitori mo fẹ kó ye wọn dáadaa'","Mo n fi edè Ijebu ko awon akékoọ́ mi ni iṣirò nítori mo fé kó yé won dáadaà'","non-sarcastic","BBC News","original"
"129","Lẹ́yìn ọdún mẹta, erò ọkọ̀ ojú irin pàdé ẹni to jì i gbe ní mọ́ṣáláṣí","Leyin odun meta, ero oko oju irin pade eni to ji i gbe ni mosalasi","Lẹ́yin ọdún mẹta, erò okọ̀ oju irin pàde eni to jì i gbe ní moṣáláṣí","Léyìn odun mẹta, ero ọkọ ojú irin pàdé ẹni to jì i gbe ní mọ́saláṣí","Leyin odun meta, ero ọkọ oju irin padé eni to jì i gbe ni mosalási","non-sarcastic","BBC News","original"
"130","Ṣé lóòótọ́ ni CBEX ti bẹ̀rẹ̀ iṣẹ́ padà ní Naijiria?","Se loooto ni CBEX ti bere ise pada ni Naijiria?","Ṣe lóòótọ́ ni CBEX ti bèrẹ̀ iṣẹ padà ní Naijiria?","Se loootọ́ ni CBEX ti bẹ̀re iṣé pada ní Naijiria?","Se lóootó ni CBEX ti berẹ̀ isẹ padà ni Naijiria?","non-sarcastic","BBC News","original"
"131","Ọ̀rọ̀ Soun Ogbomoso àtí Ìmáàmù Àgbà tún ṣẹ́yọ, Iléẹjọ́ so Ìmáàmù lọ́wọ́kọ́ lórí ìfinjoyè, Soun ní ìkọjá-àyè ni","Oro Soun Ogbomoso ati Imaamu Agba tun seyo, Ileejo so Imaamu lowoko lori ifinjoye, Soun ni ikoja-aye ni","Ọ̀rọ̀ Soun Ogbomoso àtí Ìmáàmù Àgbà tun ṣeyọ, Iléẹjó so Ìmáàmu lówọkọ́ lori ìfinjoyè, Soun ní ìkọjá-aye ni","Ọrọ Soun Ogbomoso àtí Imaàmù Agbà tún sẹ́yọ, Iléẹjó so Imáamu lowoko lórí ifinjoye, Soun ní ìkọjá-aye ni","Òro Soun Ogbomoso ati Imaamu Agba tun sẹyo, Ileejọ́ so Imaamu lowokọ lori ìfinjoye, Soun ní ikọja-aye ni","non-sarcastic","BBC News","original"
"132","Wọ́n rí òkú ọlọ́pàá mẹta tó di àwátì nínú odò lẹ́yìn ọjọ́ mẹ́fà","Won ri oku olopaa meta to di awati ninu odo leyin ojo mefa","Wọ́n ri òkú ọlọpàá meta tó di àwátì nínú odò lẹyìn ojọ mẹ́fà","Won rí oku ọlopàa mẹta to di awatì nínú odo lẹyìn ọjọ́ mẹfa","Won ri òku olopaa meta tó di awati ninú odò lẹ́yin ojo méfà","non-sarcastic","BBC News","original"
"133","Wo bí ayẹyẹ ìgbadé Owa Obokun tuntun, Adesuyi Haastrup, yóò ṣe wáyé n'Ilesa","Wo bi ayeye igbade Owa Obokun tuntun, Adesuyi Haastrup, yoo se waye n'Ilesa","Wo bi ayẹyẹ igbadé Owa Obokun tuntun, Adesuyi Haastrup, yóo ṣe wáye n'Ilesa","Wo bi ayeyẹ ìgbade Owa Obokun tuntun, Adesuyi Haastrup, yóò ṣe waye n'Ilesa","Wo bi ayeyẹ igbadé Owa Obokun tuntun, Adesuyi Haastrup, yóo se wáye n'Ilesa","non-sarcastic","BBC News","original"
"134","Nńkan ò ṣe mi o, mo wà láàyè -King Sunny Ade","Nnkan o se mi o, mo wa laaye -King Sunny Ade","Nnkan o ṣe mi o, mo wà láàyè -King Sunny Ade","Nńkan ò se mi o, mo wà laàyè -King Sunny Ade","Nńkan o se mi o, mo wa láayè -King Sunny Ade","non-sarcastic","BBC News","original"
"135","Wọn ti ko ọmọ Naijiria 203 tó há sí Libya padà wálé","Won ti ko omo Naijiria 203 to ha si Libya pada wale","Wọn ti ko ọmo Naijiria 203 tó há sí Libya padà wálé","Won ti ko ọmọ Naijiria 203 to ha si Libya padà wále","Won ti ko ọmo Naijiria 203 to ha si Libya pada wale","non-sarcastic","BBC News","original"
"136","Ìfẹ́ tí mo ní sí ọ̀bọ ló jẹ́ kí n bẹ̀rẹ̀ eré ìdárayá lílo ọwọ́ àti ẹsẹ̀ fi sáré'","Ife ti mo ni si obo lo je ki n bere ere idaraya lilo owo ati ese fi sare'","Ifẹ́ tí mo ni sí ọ̀bọ ló jẹ́ kí n bẹrẹ̀ ere ìdáraya lílo ọwọ́ àti esè fi saré'","Ifé tí mo ni si òbọ lo jẹ́ ki n bẹ̀rè eré idaraya lílo owọ ati esè fi sáre'","Ifẹ ti mo ni si obo lo je kí n berè ere ìdáraya lílo owó ati ese fi sare'","non-sarcastic","BBC News","original"
"137","Ọ́wọ ọlọ́wọ́ níí gbé òkú dé itẹ́","Owo olowo nii gbe oku de ite","Owo ọlọ́wọ́ níí gbe okú dé itẹ","Ọwọ olowo níí gbé okú dé ite","Ówọ olọwọ nii gbé okú de ite","non-sarcastic","BBC News","original"
"138","Mohbad gba àmì ẹ̀yẹ Headies, wo bí àmì ẹ̀yẹ náà ṣe lọ lọ́dún yìí","Mohbad gba ami eye Headies, wo bi ami eye naa se lo lodun yii","Mohbad gba àmì ẹ̀yẹ Headies, wo bí àmì ẹ̀yẹ náà se lọ lodún yìí","Mohbad gba àmi ẹyẹ Headies, wo bi àmi ẹ̀ye naà se lo lodun yìi","Mohbad gba ami ẹyẹ Headies, wo bí àmì èye náa se lo lọdun yii","non-sarcastic","BBC News","original"
"139","Àwọn ohun tó yẹ kí o mọ̀ nípa Robert Prevost Leo XIV, Póòpù tuntun fún ìjọ Kátólíìkì","Awon ohun to ye ki o mo nipa Robert Prevost Leo XIV, Poopu tuntun fun ijo Katoliiki","Awọn ohun tó yẹ kí o mọ̀ nipa Robert Prevost Leo XIV, Póòpù tuntun fún ìjọ Katólíikì","Àwọn ohun tó ye ki o mọ nipa Robert Prevost Leo XIV, Poòpu tuntun fun ijọ Kátólíiki","Awon ohun tó ye ki o mọ̀ nipa Robert Prevost Leo XIV, Póopu tuntun fun ijọ Katolíiki","non-sarcastic","BBC News","original"
"140","Ọ̀ná là ní ẹnu ibodè Seme àti Badagry bí Tinubu ṣe fagilé ìgbégidínà lójú ọ̀nà Nàíjíríà sí ilẹ̀ Benin","Ona la ni enu ibode Seme ati Badagry bi Tinubu se fagile igbegidina loju ona Naijiria si ile Benin","Ọna là ní ẹnu ibodè Seme ati Badagry bí Tinubu se fagilé ìgbegidína lójú ọ̀nà Nàíjíríà sí ilẹ Benin","Ona la ni enu ibodè Seme àti Badagry bi Tinubu se fagilé ìgbegidinà loju ọ̀na Nàíjirià si ile Benin","Òna la ni enu ibode Seme ati Badagry bi Tinubu se fagilé igbégidina loju ọnà Nàijiria si ile Benin","non-sarcastic","BBC News","original"
"141","Ariwo sọ bí ọ̀dọ́bìnrin kan ṣe parọ́ pé wọ́n jí òun gbé lásìkò tó wà pẹ̀lú ọ̀rẹ́kùnrin rẹ̀, ọlọ́pàà sọ̀rọ̀","Ariwo so bi odobinrin kan se paro pe won ji oun gbe lasiko to wa pelu orekunrin re, olopaa soro","Ariwo sọ bí ọ̀dọbìnrin kan ṣe parọ́ pé wọ́n ji òun gbé lasìkò tó wa pẹlú ọ̀rẹkùnrin rẹ̀, ọlọ́pàà sọ̀rọ̀","Ariwo so bi ọdóbinrin kan ṣe paro pé wọn jí oun gbé lasikò tó wà pelú orékunrin re, ọlopaa sọ̀rọ","Ariwo so bi ọdobinrin kan se paró pe wón ji oun gbe lasiko to wa pelu orekunrin re, ọlopaa sọro","non-sarcastic","BBC News","original"
"142","""Kí àlááfíà wà pẹ̀lú yín"" Pope tuntun,  Leo XIV bá àgbáyé sọ̀rọ̀ fún ìgbà àkọ́kọ́","""Ki alaafia wa pelu yin"" Pope tuntun,  Leo XIV ba agbaye soro fun igba akoko","""Kí àlaáfíà wà pẹ̀lu yín"" Pope tuntun,  Leo XIV ba àgbáyé sọ̀rọ fún ìgbà akókọ́","""Ki alaafià wà pẹlu yin"" Pope tuntun,  Leo XIV bá agbayé sọrò fun igbà akóko","""Ki aláafia wa pẹ̀lú yin"" Pope tuntun,  Leo XIV bá agbáye sorò fun igba akokó","non-sarcastic","BBC News","original"
"143","Kí ni ìdí tí India àti Pakistan fi ń jà sí agbègbè Kashmir?","Ki ni idi ti India ati Pakistan fi n ja si agbegbe Kashmir?","Kí ni ìdí tí India ati Pakistan fi ń jà si agbègbè Kashmir?","Ki ni idí tí India àti Pakistan fi n jà sí agbegbè Kashmir?","Ki ni ìdi tí India ati Pakistan fi n ja si agbegbe Kashmir?","non-sarcastic","BBC News","original"
"144","Joe Biden korò ojú pé Donald Trump ń sọ̀rọ̀ ṣàkàṣàkà, kò sọ̀rọ̀ bíi Ààrẹ Amẹ́ríkà","Joe Biden koro oju pe Donald Trump n soro sakasaka, ko soro bii Aare Amerika","Joe Biden korò ojú pé Donald Trump ń sọ̀rọ̀ ṣàkàṣàkà, kò sọ̀rọ bíi Ààrẹ Amẹríka","Joe Biden koro oju pé Donald Trump n sọ̀rọ̀ sàkaṣàka, ko sọrọ bíi Ààrẹ Amérikà","Joe Biden koro oju pe Donald Trump n sorò ṣakasaka, kò sọro bii Aarẹ Ameríka","non-sarcastic","BBC News","original"
"145","""Lẹ́yìn tí Ajínigbé gba N14m owó ìtúsílẹ̀, àpò ìrẹsì, adìẹ méjìlá tí wọn dín gbẹ, ohun mímu 24, káàdì ìpè N10,000, wọ́n tún ń bèèrè N70m míì""","""Leyin ti Ajinigbe gba N14m owo itusile, apo iresi, adie mejila ti won din gbe, ohun mimu 24, kaadi ipe N10,000, won tun n beere N70m mii""","""Lẹ́yìn tí Ajinigbe gba N14m owó ìtusilẹ̀, apo ìrẹsi, adìẹ méjìla tí wọn din gbẹ, ohun mímu 24, káàdì ipè N10,000, wón tún ń beèrè N70m míì""","""Léyìn tí Ajínigbé gba N14m owo itúsílẹ̀, apò ìrẹsì, adiẹ méjila ti wọn dín gbe, ohun mimu 24, káàdi ipè N10,000, wọ́n tún ń bèère N70m míì""","""Leyin ti Ajínigbé gba N14m owo itusile, apo ìrẹsi, adìe mejìla ti won din gbe, ohun mimu 24, kaadi ipe N10,000, won tun n beerè N70m mii""","non-sarcastic","BBC News","original"
"146","Ètò yíyan Póòpù tuntun ń tẹ̀síwájú bí èéfí dúdú ṣe jáde láti Sistine Chapel","Eto yiyan Poopu tuntun n tesiwaju bi eefi dudu se jade lati Sistine Chapel","Ètò yíyan Póòpù tuntun ń tẹsíwájú bí eefí dudú se jáde láti Sistine Chapel","Etò yíyan Póopu tuntun n tesiwáju bi èefí dudu se jade lati Sistine Chapel","Eto yiyan Poopu tuntun ń tẹ̀síwajú bi èefi dudu se jade lati Sistine Chapel","non-sarcastic","BBC News","original"
"147","Àlàyé rèé lórí ìdí tí aáwọ̀ ẹgbẹ́ òṣèlú Labour ṣe ń le koko sí, bí igun Abure àti Usman se dojú ogun kọ ara wọn","Alaye ree lori idi ti aawo egbe oselu Labour se n le koko si, bi igun Abure ati Usman se doju ogun ko ara won","Àlàyé rèé lórí ìdi tí aáwọ egbẹ́ osèlú Labour ṣe ń le koko sí, bí igun Abure àti Usman se dojú ogun kọ ara won","Àlaye ree lori ìdi tí aawò egbẹ osèlu Labour ṣe n le koko sí, bi igun Abure àti Usman se doju ogun ko ara won","Alàye ree lori idi ti aáwo egbe oselu Labour se ń le koko si, bi igun Abure àti Usman se doju ogun ko ara wọn","non-sarcastic","BBC News","original"
"148","Fídíò rèé nípa bí wọn ṣe máa ń yan Póòpù tuntun","Fidio ree nipa bi won se maa n yan Poopu tuntun","Fídíò rèé nípa bi won ṣe máa n yan Póòpù tuntun","Fídíò ree nípa bi wọn se máa n yan Poòpu tuntun","Fidio ree nípa bi won se maa n yan Poòpu tuntun","non-sarcastic","BBC News","original"
"149","Ìdí rèé tí Bàálù Herbert Wigwe fi já ní Amẹ́ríkà èyí tó rán òun, aya àti ọmọ rẹ̀ sọ́run lójijì","Idi ree ti Baalu Herbert Wigwe fi ja ni Amerika eyi to ran oun, aya ati omo re sorun lojiji","Idi rèé tí Bàalu Herbert Wigwe fi já ní Amẹ́ríkà èyí tó rán òun, aya àti omọ rẹ̀ sọrun lójijì","Idi reé tí Bàálù Herbert Wigwe fi já ni Ameríkà èyi to ran òun, aya àti omọ rẹ̀ sorun lójijì","Idí rèe ti Bàalu Herbert Wigwe fi ja ni Ameríka eyi to rán òun, aya àti omọ re sorun lojiji","non-sarcastic","YouTube","original"
"150","Ṣé lóòótọ́ ni Nnamdi Kanu pàṣẹ kí wọn máà pa àwọn ọlọ́pàá, tún lérí láti kọlu ìpínlẹ̀ Eko?","Se loooto ni Nnamdi Kanu pase ki won maa pa awon olopaa, tun leri lati kolu ipinle Eko?","Ṣé loòótọ́ ni Nnamdi Kanu pàṣẹ kí wọn maa pa àwọn ọlópàá, tun léri láti kọlu ìpínlẹ̀ Eko?","Ṣé lóootọ́ ni Nnamdi Kanu paṣẹ kí wọn maà pa awon ọlọ́pàá, tun lerí láti kolu ipinlẹ̀ Eko?","Se looóto ni Nnamdi Kanu pase ki wọn maa pa àwon ọlọpàa, tún leri lati kolu ipínle Eko?","non-sarcastic","BBC News","original"
"151","Àlàyé rèé lórí ìdí tí Póòpù fi máa ń wọ bàtà pupa àti ìdáhùn àwọn ìbéèrè míràn tó rú ọ lójú","Alaye ree lori idi ti Poopu fi maa n wo bata pupa ati idahun awon ibeere miran to ru o loju","Alàyé rèe lórí ìdí ti Poòpu fi maa ń wọ bàtà pupa àti ìdáhun àwon ìbéèrè míràn to ru ọ lójú","Àlayé ree lori ìdí tí Poòpu fi maa n wo bàtà pupa àti idáhun awon ibeère míran tó ru o lóju","Alayé ree lori idí ti Poòpù fi maa n wo bata pupa ati idáhun àwọn ibeerè miran tó ru o loju","non-sarcastic","BBC News","original"
"152","Ìdí rèé tí mo ṣe lọ sọ́dọ̀ àjọ EFCC - Iyabo Ojo","Idi ree ti mo se lo sodo ajo EFCC - Iyabo Ojo","Ìdi rèe tí mo se lọ sọdọ̀ ajo EFCC - Iyabo Ojo","Ìdí ree tí mo ṣe lo sọ́dò ajo EFCC - Iyabo Ojo","Idi ree ti mo se lo sodọ ajọ EFCC - Iyabo Ojo","non-sarcastic","BBC News","original"
"153","Kí ló ń jẹ́ ""Shadow Government"", tí Pat Utomi gbé kalẹ̀ láti tako ìjọba Tinubu?","Ki lo n je ""Shadow Government"", ti Pat Utomi gbe kale lati tako ijoba Tinubu?","Kí lo n jẹ́ ""Shadow Government"", tí Pat Utomi gbé kale láti tako ìjoba Tinubu?","Ki ló ń jé ""Shadow Government"", tí Pat Utomi gbe kalè lati tako ijoba Tinubu?","Ki lo n je ""Shadow Government"", tí Pat Utomi gbe kale lati tako ijoba Tinubu?","non-sarcastic","BBC News","original"
"154","Bí ìgbẹ́jọ́ Alfa Abdulrahman tí wọn fẹ̀sùn ìfipábánilòpọ̀ àti ikú Afsot Yetunde kàn ní Ilorin ṣe lọ lónìí rèé, bí bàbá olóògbé ṣe bú sẹ́kún","Bi igbejo Alfa Abdulrahman ti won fesun ifipabanilopo ati iku Afsot Yetunde kan ni Ilorin se lo lonii ree, bi baba oloogbe se bu sekun","Bí igbẹ́jọ́ Alfa Abdulrahman tí wọn fẹ̀sùn ìfipábanilopọ̀ àti iku Afsot Yetunde kàn ni Ilorin ṣe lọ lonìi rèé, bí bàbá olóògbé ṣe bú sẹ́kún","Bí igbẹjọ́ Alfa Abdulrahman tí won fèsùn ìfipábanilòpọ ati iku Afsot Yetunde kan ní Ilorin se lo lónìi ree, bi babá oloògbé se bú sẹ́kun","Bi igbejo Alfa Abdulrahman ti won fesun ìfipabánilopọ ati ikú Afsot Yetunde kàn ni Ilorin se lo lónìi rèe, bi bàba olóogbe se bu sekun","non-sarcastic","BBC News","original"
"155","Boko Haram ti gboró, bàálù Drone ló ń lò láti kọlu aráàlú ní Borno - Aṣojú-ṣòfin","Boko Haram ti gboro, baalu Drone lo n lo lati kolu araalu ni Borno - Asoju-sofin","Boko Haram ti gboró, bàálù Drone ló ń lò láti kọlu aráàlú ní Borno - Aṣojú-ṣòfin","Boko Haram ti gboró, bàalu Drone lo n lo láti kọlu araàlú ní Borno - Asoju-ṣofin","Boko Haram ti gboro, baalu Drone lo n lo láti kolu araalu ni Borno - Asoju-sòfin","non-sarcastic","BBC News","original"
"156","UK gbé ìlànà tuntun kalẹ̀ lórí 'Visa' gbígbà ní Nàìjíríà àti orílẹ̀èdè méjì míì","UK gbe ilana tuntun kale lori 'Visa' gbigba ni Naijiria ati orileede meji mii","UK gbé ìlànà tuntun kalẹ̀ lórí 'Visa' gbígbà ni Naìjiríà ati orílẹède mejì míi","UK gbé ilànà tuntun kalè lórí 'Visa' gbígbà ní Naìjírià àti oríleede méji míì","UK gbe ilana tuntun kale lori 'Visa' gbigba ni Naijíríà ati orileedè mejì miì","non-sarcastic","BBC News","original"
"157","Àlàyé rèé lórí ìdí tí ọ̀pọ̀ akẹ́kọ̀ọ́ ṣe fìdí rẹmi nínú ìdánwò UTME, bí JAMB ṣe kéde èsì ìdánwò náà","Alaye ree lori idi ti opo akekoo se fidi remi ninu idanwo UTME, bi JAMB se kede esi idanwo naa","Alayé ree lóri idí ti ọ̀pọ̀ akẹ́kọ̀ọ́ se fìdí rẹmi ninú ìdánwò UTME, bi JAMB ṣe kéde èsì idánwò náa","Alàye reé lori ìdi tí ọ̀po akékòo se fidí remi nínu idánwo UTME, bi JAMB se kéde esì ìdánwò náa","Àlàye ree lórí ìdí ti ọ̀po akẹ́kòọ se fidi rẹmi ninu idanwo UTME, bi JAMB se kéde esi idanwo naà","non-sarcastic","BBC News","original"
"158","Wo ìgbeyàwó ọ̀pọ̀ èèyàn tó wáyé ní ṣọ́ọ̀ṣì kan níbi tí ọkùnrin ti ń fẹ́ ju ìyàwó kan lọ","Wo igbeyawo opo eeyan to waye ni soosi kan nibi ti okunrin ti n fe ju iyawo kan lo","Wo ìgbeyàwó ọpò eèyàn tó wáyé ní sọ́ọṣì kan níbi tí ọkùnrin ti ń fẹ́ ju iyawo kan lọ","Wo igbeyàwo opọ èeyan tó wáye ni ṣóọsì kan nibi ti okùnrin ti n fẹ ju iyàwó kan lọ","Wo igbeyawo opò èeyan to waye ní sóosi kan nibi ti okùnrin ti n fe ju iyàwo kan lo","non-sarcastic","BBC News","original"
"159","Kà nípa àìsàn tó lè pa ọmọ ìkókó","Ka nipa aisan to le pa omo ikoko","Kà nipa àìsàn tó le pa ọmo ikokó","Kà nipa aìsàn to lè pa ọmọ ìkoko","Ka nipa àisàn to lè pa omọ ikoko","non-sarcastic","BBC News","original"
"160","185,000 ọmọ ogun Russia ló ti bá ogun lọ ní Ukraine","185,000 omo ogun Russia lo ti ba ogun lo ni Ukraine","185,000 ọmọ ogun Russia ló ti bá ogun lọ ní Ukraine","185,000 omo ogun Russia lo ti ba ogun lọ ní Ukraine","185,000 omọ ogun Russia lo ti ba ogun lọ ni Ukraine","non-sarcastic","BBC News","original"
"161","Nínú ọba 82, ìjọba kéde ojúlówó ọba 16 péré ní ilẹ̀ Benin, ariwo sọ","Ninu oba 82, ijoba kede ojulowo oba 16 pere ni ile Benin, ariwo so","Nínú ọba 82, ìjọba kéde ojúlówó oba 16 pére ní ilẹ̀ Benin, ariwo sọ","Ninu oba 82, ijoba kéde ojúlówó oba 16 peré ni ile Benin, ariwo so","Ninu oba 82, ijoba kede ojulówó oba 16 pere ni ilẹ Benin, ariwo so","non-sarcastic","BBC News","original"
"162","""Orin Kèǹgbè jẹ́ orin àwa Fúlàní, àwọn Yorùbá kò mọ iyì rẹ̀""","""Orin Kengbe je orin awa Fulani, awon Yoruba ko mo iyi re""","""Orin Kèǹgbe jẹ orin àwa Fúlàni, àwọn Yorùba kò mo iyì rẹ""","""Orin Keǹgbè je orin àwa Fúlani, àwon Yorùba ko mo iyì rẹ̀""","""Orin Kengbe jẹ orin awa Fúlaní, awon Yoruba ko mo iyì re""","non-sarcastic","BBC News","original"
"163","'Wọ́n sọ fún ìyá mi láti jù mí nù ní kékeré nítorí mo ní àìsàn 'Sickle Cell' àmọ́ mo tí pé ọdún 65 báyìí'","'Won so fun iya mi lati ju mi nu ni kekere nitori mo ni aisan 'Sickle Cell' amo mo ti pe odun 65 bayii'","'Wọ́n sọ fún iyá mi láti jù mí nù ní kekeré nítori mo ní àìsàn 'Sickle Cell' àmọ́ mo ti pé ọdun 65 báyìí'","'Wón so fun iyá mi láti jù mí nù ni kékere nítori mo ni àisan 'Sickle Cell' àmọ́ mo tí pe odun 65 báyií'","'Won so fun iya mi lati jù mí nu ni kekere nitori mo ni aìsàn 'Sickle Cell' amo mo ti pé ọdun 65 bayii'","non-sarcastic","BBC News","original"
"164","'Bí àwọn èèyàn bá rí mi, ọmọ gómìnà Adeleke ni wọ́n ń pè mí nítorí pé a jọra gidigidi'","'Bi awon eeyan ba ri mi, omo gomina Adeleke ni won n pe mi nitori pe a jora gidigidi'","'Bí àwon èèyàn bá rí mi, ọmọ góminà Adeleke ni wón ń pè mí nitorí pé a jọra gidigidi'","'Bi àwọn eeyan bá ri mi, omo góminà Adeleke ni wọ́n n pè mi nitori pé a jora gidigidi'","'Bi àwon eeyan bá ri mi, ọmo gomina Adeleke ni wọ́n n pe mi nítorí pé a jọra gidigidi'","non-sarcastic","BBC News","original"
"165","'Ọjọ́ mẹ́rin ni ọkọ mi fi sá kúrò nílé lẹ́yìn tó gbọ́ pé ìbẹta ni mo bí'","'Ojo merin ni oko mi fi sa kuro nile leyin to gbo pe ibeta ni mo bi'","'Ọjọ mérin ni ọko mi fi sá kurò nílé lẹ́yin tó gbó pé ìbẹta ni mo bi'","'Ọjo mẹ́rin ni oko mi fi sá kurò níle léyìn to gbọ́ pe ìbeta ni mo bi'","'Ojo merin ni oko mi fi sá kurò níle lẹyin to gbọ pe ibeta ni mo bi'","non-sarcastic","BBC News","original"
"166","Baálẹ̀ Yemi Ogunyemi, Baálẹ̀ Oluyole àti àgbà ọ̀jẹ̀ agbóhùnsáfẹ́fẹ́, jáde láyé","Baale Yemi Ogunyemi, Baale Oluyole ati agba oje agbohunsafefe, jade laye","Baálẹ̀ Yemi Ogunyemi, Baalẹ̀ Oluyole àti àgbà ọ̀jẹ̀ agbóhunsafẹ́fẹ́, jáde láye","Baálẹ Yemi Ogunyemi, Baálè Oluyole ati agbà ọjè agbóhùnsáféfẹ́, jáde láye","Baálè Yemi Ogunyemi, Baale Oluyole ati agba ojè agbohùnsafẹ́fẹ, jade laye","non-sarcastic","BBC News","original"
"167","Russia fẹ̀sùn kan Ukraine pé ó ju àdó olóró sí Moscow ṣáájú ayẹyẹ ogun àgbáyé kejì","Russia fesun kan Ukraine pe o ju ado oloro si Moscow saaju ayeye ogun agbaye keji","Russia fẹ̀sùn kan Ukraine pé ó ju àdo oloró sí Moscow saájú ayẹyẹ ogun àgbayé kejì","Russia fẹsun kan Ukraine pé o ju adó oloro sí Moscow saáju ayẹye ogun agbaye keji","Russia fesun kan Ukraine pé o ju ado oloró si Moscow ṣaajú ayẹye ogun àgbaye keji","non-sarcastic","BBC News","original"
"168","Wo àwọn ọmọ Naijiria mẹ́fà tí ile-ẹjọ́ ti dájọ́ ikú fún","Wo awon omo Naijiria mefa ti ile-ejo ti dajo iku fun","Wo àwọn ọmọ Naijiria mẹfa tí ile-ẹjọ ti dájọ́ iku fún","Wo awọn ọmọ Naijiria méfà tí ile-ẹjọ́ ti dájọ́ iku fún","Wo awọn ọmọ Naijiria mefa tí ile-ejo ti dajo iku fún","non-sarcastic","BBC News","original"
"169","Ìyàwó gun ọkọ lọ́bẹ pa lẹ̀yìn ọjọ́ kẹsàn-án ìgbeyàwó","Iyawo gun oko lobe pa leyin ojo kesan-an igbeyawo","Ìyawó gun okọ lobẹ pa lẹyìn ọjọ́ kẹsàn-án ìgbeyàwo","Ìyawo gun okọ lọ́bẹ pa lẹyin ojo kesan-án igbeyawo","Ìyawó gun oko lobe pa leyin ojọ kesàn-an igbeyàwo","non-sarcastic","BBC News","original"
"170","Mọ̀ nípa Joan, obìnrin tó ṣe bí ọkùnrin tó fi di Póòpù ìjọ Àgùdà","Mo nipa Joan, obinrin to se bi okunrin to fi di Poopu ijo Aguda","Mọ̀ nípa Joan, obìnrin to ṣe bí ọkùnrin to fi di Póopù ìjọ Àgùdà","Mò nipa Joan, obìnrin to ṣe bi okùnrin to fi di Póopu ijọ Agudà","Mọ nípa Joan, obìnrin to se bi okunrin tó fi di Póopù ijọ Aguda","non-sarcastic","BBC News","original"
"171","Tito Harrison, gbajúmọ̀ òṣèré tíátà ṣàlàyé àìsàn tó sọ ọ́ di aláìní, tó ṣe ń gbé ilé àna rẹ̀","Tito Harrison, gbajumo osere tiata salaye aisan to so o di alaini, to se n gbe ile ana re","Tito Harrison, gbajúmọ̀ òṣèré tíatà ṣalàyé àisan tó so ọ di aláìní, tó se ń gbé ilé àna rẹ","Tito Harrison, gbajúmò òsèré tiata ṣalaye aìsan to so ọ di aláìní, tó ṣe ń gbe ile àna rẹ̀","Tito Harrison, gbajumọ osere tiáta salaye aìsan to so o di alainí, tó se ń gbe ilé ana re","non-sarcastic","BBC News","original"
"172","Kí nídìí tí Póòpù tuntun fi yan Leo XIV gẹ́gẹ́ bí orúkọ oyè rẹ̀ tuntun?","Ki nidii ti Poopu tuntun fi yan Leo XIV gege bi oruko oye re tuntun?","Kí nídìi tí Póòpu tuntun fi yan Leo XIV gégé bí orúkọ oyè rẹ tuntun?","Kí nídií tí Poòpu tuntun fi yan Leo XIV gégé bi orúkọ oyè re tuntun?","Kí nidii ti Poopù tuntun fi yan Leo XIV gẹgẹ bí orukọ oyè rè tuntun?","non-sarcastic","BBC News","original"
"173","Wo bí àwọn obìnrin ṣe ń rí ikú he láti ọwọ́ àwọn ọkùnrin ní Naijiria","Wo bi awon obinrin se n ri iku he lati owo awon okunrin ni Naijiria","Wo bí àwọn obinrin ṣe n rí ikú he láti ọwọ́ awọn okùnrin ní Naijiria","Wo bí àwon obìnrin ṣe n ri ikú he lati ọwó awọn ọkunrin ni Naijiria","Wo bi àwon obinrin se n ri iku he lati owo awon ọkùnrin ni Naijiria","non-sarcastic","BBC News","original"
"174","Ẹgbẹ́ ọ̀dọ́ fún Gómìnà Adeleke ní gbèdéke ọjọ́ láti yanjú owó ilé tó ń fò lókè l'Osun","Egbe odo fun Gomina Adeleke ni gbedeke ojo lati yanju owo ile to n fo loke l'Osun","Ẹgbẹ́ ọdọ́ fún Gómìnà Adeleke ni gbedéke ọjọ́ láti yanjú owó ilé tó ń fò lókè l'Osun","Egbé òdọ fun Gómina Adeleke ní gbèdeke ọjọ́ láti yanju owó ilé to ń fò lókè l'Osun","Egbé odọ fun Gominà Adeleke ní gbedeke ọjọ láti yanju owo ile to ń fo lókè l'Osun","non-sarcastic","BBC News","original"
"175","""Mò ń kọ́ àwọn akẹ́kọ̀ọ́ ní ìmọ̀ ẹ̀kọ́ Kẹ́mísírì lédè Yorùbá, fún àgbéga akẹ́kọ̀ọ́ àti èdé abínibí""","""Mo n ko awon akekoo ni imo eko Kemisiri lede Yoruba, fun agbega akekoo ati ede abinibi""","""Mò ń kọ́ àwọn akékòọ́ ní imọ̀ ẹ̀kọ́ Kẹ́mísírì léde Yorùba, fún àgbéga akẹkọ̀ọ́ àti èdé abínibí""","""Mo ń kọ́ àwọn akẹkọó ní imò ẹkọ Kẹ́mísirì ledè Yoruba, fún àgbega akékọó ati ede abinibí""","""Mò n ko awọn akekọ̀o ní ìmo ẹ̀ko Kẹmísíri lede Yorùbá, fun agbega akẹkoo àti ede abinibi""","non-sarcastic","BBC News","original"
"176","Wo ìgbésẹ̀ tí o le è gbé láti mọ̀ bóyá ojúlówó ni nọ̀ńbà NIN rẹ àti ànfàní lílo rẹ̀","Wo igbese ti o le e gbe lati mo boya ojulowo ni nonba NIN re ati anfani lilo re","Wo ìgbésẹ tí o le è gbe láti mọ bóya ojúlówó ni nọ̀ńbà NIN rẹ àti anfàní lílo rẹ̀","Wo ìgbésè tí o le e gbe láti mọ boyá ojúlówó ni nọńbà NIN re ati ànfani lilo rẹ̀","Wo ìgbese ti o le e gbe lati mò boya ojulowó ni nońba NIN re ati ànfani lilo rẹ","non-sarcastic","BBC News","original"
"177","Ilé aṣòfin bẹ̀rẹ̀ ìgbésẹ̀ láti sọ Aláàfin di alága ìgbìmọ̀ lọ́balọ́ba l‘Oyo, Olubadan ni igbákejì, Soun ni igbá kẹta, Olubadan bá yarí","Ile asofin bere igbese lati so Alaafin di alaga igbimo lobaloba l‘Oyo, Olubadan ni igbakeji, Soun ni igba keta, Olubadan ba yari","Ile aṣofin bẹ̀rẹ̀ igbése láti sọ Aláàfin di alága ìgbìmọ lóbaloba l‘Oyo, Olubadan ni igbákejì, Soun ni igbá kẹta, Olubadan bá yarí","Ile asòfin bẹrẹ̀ ìgbésẹ̀ lati so Alaàfin di alaga igbimọ lobalọ́ba l‘Oyo, Olubadan ni igbákejì, Soun ni igbá kẹta, Olubadan ba yarí","Ile asofin bere igbese láti so Alaafin di alaga igbimo lọ́balọba l‘Oyo, Olubadan ni igbakeji, Soun ni igbá keta, Olubadan ba yarí","non-sarcastic","BBC News","original"
"178","""Ọgbẹ́ ọkàn ló jẹ́ pé Faith, ọmọ mi pa ara rẹ̀ tórí ó gba máàkì kékeré nínú èsì ìdánwò JAMB""","""Ogbe okan lo je pe Faith, omo mi pa ara re tori o gba maaki kekere ninu esi idanwo JAMB""","""Ọgbẹ́ ọkan ló jé pe Faith, ọmọ mi pa ara rẹ̀ torí ó gba máakì kékeré ninu esì idánwo JAMB""","""Ọgbẹ okàn ló jẹ́ pé Faith, omọ mi pa ara re torí ó gba maàkì kékere nínú esì idanwo JAMB""","""Ọgbẹ okan lo je pe Faith, omo mi pa ara rè tori o gba máaki kékere ninu esi idánwò JAMB""","non-sarcastic","BBC News","original"
"179","Kí ló mú kí ìjọba Kwara gbé ilé ẹ̀kọ́ girama méjì tipa n'Ilorin?","Ki lo mu ki ijoba Kwara gbe ile eko girama meji tipa n'Ilorin?","Kí ló mú ki ìjọba Kwara gbe ile ẹkọ́ girama mejì tipa n'Ilorin?","Ki lo mú ki ìjọba Kwara gbe ile èkọ girama méjì tipa n'Ilorin?","Ki lo mu ki ijoba Kwara gbe ile ekó girama meji tipa n'Ilorin?","non-sarcastic","BBC News","original"
"180","Ọdún Egúngún àgbáyé sọkutu wọ̀wọ̀ nílùú Ibadan, àlàyé rèé lórí ìsesí egúngún pàtàkì mẹ́wàá tó pitú","Odun Egungun agbaye sokutu wowo niluu Ibadan, alaye ree lori isesi egungun pataki mewaa to pitu","Ọdún Egungún agbáyé sọkutu wọwọ̀ niluu Ibadan, àlàyé rèe lorí ìsesi egúngún pàtàkì mẹ́wàá tó pitú","Ọdun Egúngun àgbaye sọkutu wòwọ̀ niluú Ibadan, alayé rèe lorí isesí egungun pàtaki mewaá to pitu","Odun Egúngun agbáye sọkutu wowo niluu Ibadan, àlàye ree lori isesi egungun pataki mewaa to pitú","non-sarcastic","BBC News","original"
"181","""Ìyàwó àti ọmọ mi márùn-ún kú lọ́jọ́ kan ṣoṣo lẹ́yìn tí wọ́n jẹ ìrẹsì tán""","""Iyawo ati omo mi marun-un ku lojo kan soso leyin ti won je iresi tan""","""Iyàwó àti omọ mi márùn-ún kú lọ́jọ kan soṣo léyìn tí won je ìrẹsì tán""","""Ìyawó ati omọ mi márun-un kú lọjọ kan ṣoṣo lẹ́yìn ti wón je iresi tan""","""Iyàwó ati omọ mi márùn-un kú lọ́jo kan soso léyìn ti wọn je ìresi tán""","non-sarcastic","BBC News","original"
"182","Jumoke George tí mọ ibi tí ọmọ rẹ̀ àmọ́ nǹkan kò fara rọ fún-un níbẹ̀ - Biola Bayo","Jumoke George ti mo ibi ti omo re amo nnkan ko fara ro fun-un nibe - Biola Bayo","Jumoke George ti mọ ibi tí omọ rè àmọ́ nǹkan ko fara ro fún-un níbẹ - Biola Bayo","Jumoke George tí mọ ibi ti omọ rè àmọ nnkan kò fara ro fun-un níbẹ - Biola Bayo","Jumoke George tí mọ ibi tí omo rẹ amo nǹkan kò fara ro fun-un nibe - Biola Bayo","non-sarcastic","BBC News","original"
"183","Àwọn akẹ́kọ̀ọ́ àtàwọn òbí fẹ́ kí àjọ JAMB fagilé gbogbo èsì ìdánwò UTME tó jáde torí àṣìṣe tó wà níbẹ̀","Awon akekoo atawon obi fe ki ajo JAMB fagile gbogbo esi idanwo UTME to jade tori asise to wa nibe","Àwọn akekọọ́ àtawon òbí fẹ kí àjọ JAMB fagilé gbogbo èsi idánwo UTME tó jade tori àsìse to wa níbẹ̀","Awọn akẹkòọ atawon obi fẹ́ kí àjo JAMB fagile gbogbo esì idánwò UTME tó jáde tori aṣìṣe tó wà nibẹ","Awon akekọọ atawon obí fe ki ajo JAMB fagilé gbogbo esi idanwò UTME to jáde tori asise to wà níbẹ","non-sarcastic","BBC News","original"
"184","Ìdí tí Tinubu ṣe fi òfin de kíkó àwọn ọjà  kan wọlé sí Nàíjíríà láti ilẹ̀ òkèèrè","Idi ti Tinubu se fi ofin de kiko awon oja  kan wole si Naijiria lati ile okeere","Ìdí ti Tinubu ṣe fi òfin de kiko àwọn ọjà  kan wolé sí Naíjirià lati ilẹ òkèèrè","Idi tí Tinubu se fi òfin de kikó awọn oja  kan wole si Nàíjiria lati ilẹ̀ okeere","Idí tí Tinubu se fi òfin de kiko awon oja  kan wọle sí Nàíjiria lati ile okèere","non-sarcastic","BBC News","original"
"185","Ohun tí a mọ̀ rèé nípa ‘ìrẹsì olóró’ tí wọ́n ló wọ ìpínlẹ̀ Ogun àti Eko","Ohun ti a mo ree nipa ‘iresi oloro’ ti won lo wo ipinle Ogun ati Eko","Ohun ti a mọ̀ rèe nípa ‘irẹsì oloró’ tí wọ́n ló wọ ìpínlẹ Ogun àti Eko","Ohun ti a mò reé nipa ‘iresi olóró’ tí wọ́n ló wọ ipínlẹ Ogun àti Eko","Ohun ti a mọ rèe nipa ‘iresi olóro’ ti wọn lo wo ipínle Ogun ati Eko","non-sarcastic","BBC News","original"
"186","Wo bí ìmọ̀ ẹ̀rọ àtọwọ́dá àti àsọdùn ṣe ń gbóríyìn fún olórí ológun","Wo bi imo ero atowoda ati asodun se n gboriyin fun olori ologun","Wo bí ìmo ẹrọ àtọwọ́dá àti àsọdùn ṣe n gbóríyìn fún olorí ologun","Wo bi imò ẹrọ àtowóda àti àsọdun se ń gbóriyin fún olori ológun","Wo bi imọ ero atọwodá ati asọdun se n gboriyin fun olori ologun","non-sarcastic","BBC News","original"
"187","""Àwọn ológun wà níbí lóòótọ́, ṣùgbọ́n kò sí ààbò fún wa""","""Awon ologun wa nibi loooto, sugbon ko si aabo fun wa""","""Àwọn ológun wa nibí lóòótọ́, sugbọ́n kò sí aàbo fún wa""","""Àwọn ologun wa nibí lóòotọ́, ṣùgbọ́n ko si ààbò fun wa""","""Awon ologun wa nibi loootó, ṣugbón ko sí aabo fun wa""","non-sarcastic","BBC News","original"
"188","Wo eré tíátà mẹ́wàá tó sọ fíìmù Yorùbá di ìlúmọ̀ọ́ká ní àgbáyé","Wo ere tiata mewaa to so fiimu Yoruba di ilumooka ni agbaye","Wo ere tiáta mẹ́wàa tó sọ fíìmù Yorùbá di ìlumoọ́ká ní agbáyé","Wo eré tíáta méwaá tó so fiìmu Yorùba di ilumooka ní àgbáyé","Wo ere tiata méwaa tó sọ fiimù Yoruba di ìlumooká ni agbáye","non-sarcastic","BBC News","original"
"189","Wọ́n ti sin àgékù ara Hafsot Lawal tí afurasí Abdulrahman gé wẹ́lẹ́wẹ́lẹ́ n'Ilorin","Won ti sin ageku ara Hafsot Lawal ti afurasi Abdulrahman ge welewele n'Ilorin","Wọ́n ti sin àgékù ara Hafsot Lawal tí afurasí Abdulrahman gé wélẹ́wẹ́lé n'Ilorin","Wón ti sin àgekù ara Hafsot Lawal tí afurasí Abdulrahman ge wẹ́lewẹ́lẹ́ n'Ilorin","Wọ́n ti sin àgekù ara Hafsot Lawal tí afurasí Abdulrahman ge welewẹlé n'Ilorin","non-sarcastic","BBC News","original"
"190","Kí ni yóò ṣẹlẹ̀ s'áwọn akẹ́kọ̀ọ́ bí JAMB ṣe l'óun yóò ṣe àtúnyẹ̀wò èsì ìdánwo 2025?","Ki ni yoo sele s'awon akekoo bi JAMB se l'oun yoo se atunyewo esi idanwo 2025?","Kí ni yóò ṣẹlẹ̀ s'awọn akẹ́kòọ́ bí JAMB se l'oun yóò se atunyẹwò èsì idánwo 2025?","Ki ni yoo sẹle s'áwon akekọo bi JAMB ṣe l'oun yóo se atunyèwò esì idánwo 2025?","Ki ni yoò sele s'áwon akekoọ bi JAMB se l'óun yoo ṣe àtunyewo èsì ìdanwo 2025?","non-sarcastic","BBC News","original"
"191","Ọwọ́ NDLEA tẹ obìnrin tó gbé òògùn olóró pamọ́ sójú ara rẹ̀ lọ sí Iran","Owo NDLEA te obinrin to gbe oogun oloro pamo soju ara re lo si Iran","Ọwọ́ NDLEA tẹ obìnrin tó gbe òògùn olóró pamó sóju ara rè lo sí Iran","Owọ́ NDLEA tẹ obìnrin to gbe oògùn oloro pamọ́ soju ara rẹ̀ lọ si Iran","Owo NDLEA te obinrin to gbe oogun oloro pamó soju ara rẹ̀ lọ si Iran","non-sarcastic","BBC News","original"
"192","Ọ̀pọ̀ ọdún ni ọkọ mi fi lòògùn oorun fún mi kó lè baà ráàyè máa fipá bá mi lò pọ̀'","Opo odun ni oko mi fi loogun oorun fun mi ko le baa raaye maa fipa ba mi lo po'","Òpọ̀ ọdún ni ọko mi fi lòogùn oorun fún mi ko le baa ráaye máa fipa bá mi lò pò'","Òpọ̀ odun ni oko mi fi loògùn oorun fún mi ko le baà ráayè máa fipá ba mi lò pọ'","Opo ọdún ni oko mi fi lòogun oorun fún mi ko le baa ráàye máa fipa ba mi lo pọ'","non-sarcastic","BBC News","original"
"193","Ìdí tí ọ̀pọ̀ èèyàn káàkiri àgbáyé ṣe fẹ́ràn ìjọba ológun Burkina Faso","Idi ti opo eeyan kaakiri agbaye se feran ijoba ologun Burkina Faso","Idi ti ọpọ̀ èèyàn káàkiri àgbáyé ṣe fẹ́ràn ìjọba ológun Burkina Faso","Ìdí tí opo èèyan kaakiri agbáye ṣe fẹ́ran ijọba ológun Burkina Faso","Idi ti òpọ èeyan kaakiri agbáye se féran ijọba ológun Burkina Faso","non-sarcastic","BBC News","original"
"194","Ìgalà fa ìjàmbá fún bàálù Air Peace, ó tún ṣàkóbá fún ìrìnàjò òfurufú ní Delta","Igala fa ijamba fun baalu Air Peace, o tun sakoba fun irinajo ofurufu ni Delta","Igalà fa ìjambá fún bàálu Air Peace, ó tún ṣàkóba fun ìrìnàjò òfurufú ní Delta","Igala fa ijàmbá fun baalu Air Peace, o tún sàkobá fun ìrìnàjo òfurufú ni Delta","Igala fa ijamba fun baalu Air Peace, ó tun sakobá fún irinàjo ofurufú ni Delta","non-sarcastic","BBC News","original"
"195","Ìjàmbá tírélà ré kọ̀nténà lu ''dispatch rider' méjì l'Eko, wọ́n pàdánù ẹ̀mí wọn lójú ẹsẹ̀","Ijamba tirela re kontena lu ''dispatch rider' meji l'Eko, won padanu emi won loju ese","Ìjambá tiréla re kontenà lu ''dispatch rider' méjì l'Eko, wọn padanù ẹ̀mí wọn lójú ẹsẹ̀","Ìjàmba tirélà ré kònténà lu ''dispatch rider' mejì l'Eko, won padanu èmi won lóju ẹsè","Ijamba tirelà re kontenà lu ''dispatch rider' meji l'Eko, wọn padánù ẹmí won lóju ese","non-sarcastic","BBC News","original"
"196","Ìdí tí ọlọ́pàá South Africa fi mú pásítọ̀ ọmọ Naijiria padà, lẹ́yìn tí iléẹjọ́ tú u sílẹ̀ lọ́gbà ẹ̀wọ̀n lórí ẹ̀sùn ìfipábánilòpọ̀","Idi ti olopaa South Africa fi mu pasito omo Naijiria pada, leyin ti ileejo tu u sile logba ewon lori esun ifipabanilopo","Ìdí tí ọlọ́paá South Africa fi mú pasitò ọmọ Naijiria padà, léyìn tí ileẹjó tu u silẹ lógbà ẹwọn lorí ẹ̀sun ìfipabanilopo","Ìdí tí olopaa South Africa fi mú pásito omọ Naijiria padà, léyin tí iléẹjó tú u sílẹ̀ lógba ẹwọn lorí esun ifipabanilopọ","Ìdí ti olopaa South Africa fi mu pasitò omo Naijiria pada, lẹ́yìn ti ileejo tu u sile lógbà ewòn lorí esun ifipabanilopò","non-sarcastic","BBC News","original"
"197","Ǹjẹ́ ẹ ti gbọ́ nípa ìlú Ugbo nípìnlẹ̀ Ondo, níbi tó ti jẹ́ èèwọ̀ láti fẹ́ obìnrin pupa?","Nje e ti gbo nipa ilu Ugbo nipinle Ondo, nibi to ti je eewo lati fe obinrin pupa?","Ǹjẹ́ e ti gbọ nípa ìlú Ugbo nipìnlẹ̀ Ondo, nibi tó ti jẹ́ èèwọ̀ lati fẹ obìnrin pupa?","Nje ẹ ti gbó nipa ìlu Ugbo nípinlẹ Ondo, nibi tó ti je eewọ̀ lati fe obìnrin pupa?","Njẹ́ ẹ ti gbo nípa ìlu Ugbo nipinlè Ondo, nibi to ti jẹ́ eèwo láti fé obìnrin pupa?","non-sarcastic","BBC News","original"
"198","Ta a ni eku ẹdá tó tún dá wàhálà sílẹ̀ lẹ́yìn tí India àti Pakistan gbà láti sinmi ogun?","Ta a ni eku eda to tun da wahala sile leyin ti India ati Pakistan gba lati sinmi ogun?","Ta a ni eku edá tó tún dá wàhála sílẹ léyìn tí India àti Pakistan gbà lati sinmi ogun?","Ta a ni eku eda tó tun da wàhalà sile lẹyin tí India ati Pakistan gbà láti sinmi ogun?","Ta a ni eku edá to tun da wahala silè leyin ti India àti Pakistan gbà lati sinmi ogun?","non-sarcastic","BBC News","original"
"199","Femi Adebayo, Mercy Aigbe, fíìmù Lisabi, àti àwọn míì tó borí níbi àmì ẹ̀yẹ 2025 AMVCA","Femi Adebayo, Mercy Aigbe, fiimu Lisabi, ati awon mii to bori nibi ami eye 2025 AMVCA","Femi Adebayo, Mercy Aigbe, fíimu Lisabi, ati àwọn míì tó borí nibi àmì èyẹ 2025 AMVCA","Femi Adebayo, Mercy Aigbe, fíìmu Lisabi, ati awọn miì tó borí níbi ami ẹyẹ 2025 AMVCA","Femi Adebayo, Mercy Aigbe, fiimu Lisabi, ati awọn mii tó bori nibi ami èye 2025 AMVCA","non-sarcastic","BBC News","original"
"200","Ilé-ẹjọ́ ju ọmọge tó pé 'Bàbá Aláàánú' rẹ̀ lẹ́jọ́ sẹ́wọ̀n","Ile-ejo ju omoge to pe 'Baba Alaaanu' re lejo sewon","Ilé-ẹjọ ju omoge to pé 'Baba Aláaanú' rẹ̀ lẹ́jó sẹ́wọ̀n","Ile-ejo ju omoge to pé 'Baba Alaàanú' re léjo sẹ́wọn","Ilé-ẹjo ju ọmoge tó pe 'Babá Aláaanú' re lẹjo sẹwon","non-sarcastic","BBC News","original"
"201","Zobo ni Man City fi gba aṣo lára ewúrẹ́ Liverpool, ayé polúkúmuṣu mọ́ Liverpool lówọ́ lónìí","Zobo ni Man City fi gba aso lara ewure Liverpool, aye polukumusu mo Liverpool lowo lonii","Zobo ni Man City fi gba aṣo lára ewúrẹ́ Liverpool, ayé polúkúmuṣu mọ́ Liverpool lówọ́ lónìi","Zobo ni Man City fi gba aso lara ewúrẹ Liverpool, ayé polúkúmuṣu mo Liverpool lówo lónii","Zobo ni Man City fi gba aṣo lara ewure Liverpool, ayé polukumusu mọ́ Liverpool lowọ lonií","sarcastic","BBC News","original"
"202","Lẹ́yìn iṣẹ́ abẹ kejì ní ikùn rẹ̀, Taiwo Awoniyi jí sáyé padà, ó kúrò ní ẹsẹ̀ kan ayé, ẹsẹ̀ kan ọ̀run","Leyin ise abe keji ni ikun re, Taiwo Awoniyi ji saye pada, o kuro ni ese kan aye, ese kan orun","Lẹ́yìn iṣé abe kejì ní ikun rè, Taiwo Awoniyi jí sáyé pada, ó kurò ní esè kan ayé, ẹsẹ̀ kan ọrun","Leyìn isẹ́ abe kejì ní ikùn re, Taiwo Awoniyi jí sáyé padà, o kuro ní ẹse kan ayé, esè kan orun","Léyin iṣé abẹ kejì ni ikun re, Taiwo Awoniyi ji sáyé pada, o kurò ni esẹ kan aye, esẹ kan òrun","non-sarcastic","BBC News","original"
"203","Palmer kó òtútù ká Wolves mọ́lé, níṣe ni ìkokò àti àwọn ọ̀tá Chelsea n gbọ̀n tẹnutẹnu","Palmer ko otutu ka Wolves mole, nise ni ikoko ati awon ota Chelsea n gbon tenutenu","Palmer ko òtútù ká Wolves mọ́le, niṣe ni ikokò àti àwọn ọ̀tá Chelsea n gbọn tẹnutẹnu","Palmer kó otutu ká Wolves mọlé, niṣe ni ikoko àti awọn otá Chelsea n gbon tenutenu","Palmer ko otutu ka Wolves mole, níse ni ikokò àti awọn ota Chelsea n gbòn tenutenu","sarcastic","BBC News","original"
"204","Wo ìrànlọ́wọ́ tó yẹ kí o ṣe fún ẹni tí rọpárọsẹ̀ bá kọlù lójijì","Wo iranlowo to ye ki o se fun eni ti roparose ba kolu lojiji","Wo ìranlọ́wọ́ tó yẹ kí o ṣe fún ẹni tí rọpárọsè bá kọlù lojiji","Wo ìrànlowo tó ye kí o ṣe fún eni ti rọpárọsẹ ba kọlu lójijì","Wo irànlowó tó ye ki o se fun eni ti roparosè ba kolù lojiji","non-sarcastic","BBC News","original"
"205","""Ojú ọ̀nà Ikare sí Ogbagi di pàkúté ikú, ẹ̀mí arìnrìnàjò ń bọ́ púpọ̀ torí ìjàmbá ọkọ̀, ìkọlù adigunjalè àtàwọn ajínigbé""","""Oju ona Ikare si Ogbagi di pakute iku, emi arinrinajo n bo pupo tori ijamba oko, ikolu adigunjale atawon ajinigbe""","""Ojú ọ̀nà Ikare si Ogbagi di pàkute ikú, èmi arinrìnàjò ń bo púpọ̀ torí ìjamba okò, ìkọlù adigunjalè àtàwọn ajinigbé""","""Oju ònà Ikare sí Ogbagi di pakúte iku, emí arìnrìnàjo n bo pupọ torí ijamba okò, ìkọlu adigunjale atawọn ajínigbe""","""Ojú ona Ikare si Ogbagi di pakute ikú, emi arinrìnajò n bó púpọ torí ìjambá okọ, ikolu adigunjale atawon ajínigbe""","non-sarcastic","BBC News","original"
"206","Ẹ wo ààfin ìlù níbi tí wọ́n ti n bọ ilù gúdúgúdú tí obìnrin tó bá n ṣe nnkan oṣù kò gbọdọ̀ fọwọ́ kàn","E wo aafin ilu nibi ti won ti n bo ilu gudugudu ti obinrin to ba n se nnkan osu ko gbodo fowo kan","Ẹ wo ààfin ìlù níbi tí wọ́n ti n bọ ilù gúdúgúdú tí obìnrin tó bá n se nnkan oṣu kò gbodọ̀ fowọ́ kàn","E wo àafin ilu níbi ti wọ́n ti n bọ ilù gudúgúdu ti obìnrin tó bá n se nnkan osu ko gbọdọ̀ fowọ́ kàn","E wo aafin ilu nibi tí wọn ti n bo ilu gúdugudu tí obinrin to ba n ṣe nnkan osu ko gbodo fowo kàn","non-sarcastic","BBC News","original"
"207","Mo ṣiṣẹ́ abẹ, wọ́n tún pàárọ̀ itan mi nítorí àìsàn ikọ́-ife inú egungun tó mú mi'","Mo sise abe, won tun paaro itan mi nitori aisan iko-ife inu egungun to mu mi'","Mo ṣiṣẹ́ abẹ, wón tun paarọ̀ itan mi nitori aìsàn ikọ-ife inú egungun tó mú mi'","Mo ṣiṣẹ́ abẹ, won tún pàáro itan mi nitorí aisàn ikọ́-ife inú egungun to mu mi'","Mo ṣise abẹ, won tun paáro itan mi nitori àisan ikọ́-ife inu egungun to mú mi'","non-sarcastic","BBC News","original"
"208","Ohun tó yẹ kí o mọ̀ nípa ètò ìlera Medipool tí ìjọba ṣẹ̀ṣẹ̀ buwọ́lù fún aráàlú","Ohun to ye ki o mo nipa eto ilera Medipool ti ijoba sese buwolu fun araalu","Ohun tó ye kí o mò nipa ètò ìlera Medipool ti ìjọba sẹ̀sè buwọ́lu fún aráàlú","Ohun to ye ki o mò nipa èto ilera Medipool tí ìjọba sèsẹ̀ buwólù fún aráàlu","Ohun to yẹ ki o mo nipa eto ilera Medipool ti ijoba ṣèse buwolu fun araalu","non-sarcastic","BBC News","original"
"209","Lateef Adedimeji, Mercy Aigbe, àti àwọn mìí bá BBC sọ̀rọ̀ lẹ́yìn tí wọ́n gba àmì ẹ̀yẹ̀ AMVCA","Lateef Adedimeji, Mercy Aigbe, ati awon mii ba BBC soro leyin ti won gba ami eye AMVCA","Lateef Adedimeji, Mercy Aigbe, ati àwọn mìí bá BBC sọ̀ro lẹyìn tí wọ́n gba àmì èyẹ AMVCA","Lateef Adedimeji, Mercy Aigbe, ati awọn mìí bá BBC sòrọ̀ lẹyin ti won gba amì èyẹ AMVCA","Lateef Adedimeji, Mercy Aigbe, ati awọn mií ba BBC sọrò leyin ti won gba ami eye AMVCA","non-sarcastic","BBC News","original"
"210","Agbébọn kọlu ibùdó ọmọ ogun Naijiria, wọ́n jí ọ̀pọ̀ sọ́jà gbé lọ","Agbebon kolu ibudo omo ogun Naijiria, won ji opo soja gbe lo","Agbébon kolu ibùdó ọmọ ogun Naijiria, wọn jí ọpọ̀ sọ́jà gbé lọ","Agbébọn kolu ibudo ọmo ogun Naijiria, wọn jí ọpo soja gbé lọ","Agbebọn kọlu ibudo omo ogun Naijiria, wón ji ọpọ soja gbe lọ","non-sarcastic","BBC News","original"
"211","Ìjọba UK kéde ìlànà tuntun tí yóò bẹ́gi dínà àwọn tó fẹ́ kàwé, ṣiṣẹ́ tàbí gbé níbẹ̀","Ijoba UK kede ilana tuntun ti yoo begi dina awon to fe kawe, sise tabi gbe nibe","Ijọba UK kede ìlànà tuntun tí yóò bẹgi dina awọn tó fẹ́ kàwé, siṣẹ tabí gbé nibẹ̀","Ìjọba UK kéde ìlànà tuntun ti yoo bẹgi dínà àwon to fẹ́ kawe, ṣisé tàbi gbe nibẹ","Ijọba UK kede ilana tuntun ti yoo bẹgi dina awon to fẹ kawe, sisẹ tàbi gbe nibẹ","non-sarcastic","BBC News","original"
"212","Àjọ NAPTIP kó ọmọ Naijiria 78 padà wálé lóko ẹrú láti Abidjan","Ajo NAPTIP ko omo Naijiria 78 pada wale loko eru lati Abidjan","Àjo NAPTIP kó ọmọ Naijiria 78 pada wálé lóko ẹrú láti Abidjan","Àjọ NAPTIP kó ọmo Naijiria 78 pada wale lóko erú lati Abidjan","Ajọ NAPTIP ko omo Naijiria 78 padà wale loko ẹru láti Abidjan","non-sarcastic","BBC News","original"
"213","Kí ni ìdí abájọ tí Pásítọ̀ Chris fi sọ pé òun máa jẹ iyọ̀ tó pọ̀ nínú oúnjẹ?","Ki ni idi abajo ti Pasito Chris fi so pe oun maa je iyo to po ninu ounje?","Ki ni idí abájọ ti Pasitọ̀ Chris fi sọ pé oun máa jẹ iyọ̀ tó pọ̀ nínú oúnjẹ?","Ki ni idí abájọ tí Pasitọ̀ Chris fi sọ pé oun maa jẹ iyọ to pò ninú oúnjẹ?","Ki ni idi abajọ ti Pasitọ Chris fi so pe òun maa je iyọ̀ to pọ nínu ounjẹ?","non-sarcastic","BBC News","original"
"214","Sé lóòótọ́  làwọn agbégbọn kọ lẹ́tà pé àwọn tún fẹ́ kọlu ìjọ Aguda nílùú Owo? Ohun tí a mọ̀ rèé","Se loooto  lawon agbegbon ko leta pe awon tun fe kolu ijo Aguda niluu Owo? Ohun ti a mo ree","Sé loòotọ́  làwọn agbegbọn kọ lẹ́tà pé àwọn tún fé kọlu ijọ Aguda nílùú Owo? Ohun tí a mò reé","Se lóootọ́  lawon agbégbọn ko lẹtà pé àwọn tún fẹ́ kolu ìjo Aguda niluu Owo? Ohun tí a mọ̀ rèe","Se lóòotọ  lawon agbegbon ko letà pe awọn tun fẹ́ kọlu ìjo Aguda nilùu Owo? Ohun tí a mọ ree","non-sarcastic","BBC News","original"
"215","Ìdí rèé tí iṣẹ́ ìtọ́jú èèyàn táwọn ọmọ ilẹ̀ òkèèrè ń ṣe ní UK yóò fi dópin láìpẹ́","Idi ree ti ise itoju eeyan tawon omo ile okeere n se ni UK yoo fi dopin laipe","Ìdí rèé tí iṣé itọ́jú èèyàn tawọn ọmo ile òkèère ń ṣe ni UK yóo fi dópin laìpé","Idí reé ti isé itoju eeyan táwon omo ilẹ̀ òkeère ń ṣe ní UK yóò fi dópin láìpé","Idí ree tí ise itọjú eèyan tawọn omo ilẹ̀ okeere n se ní UK yóo fi dopin laìpe","non-sarcastic","BBC News","original"
"216","Wọ́n sọ iná sí ibùdó epo ní Port Sudan,  aráàlú ń kérora","Won so ina si ibudo epo ni Port Sudan,  araalu n kerora","Wọ́n sọ iná sí ibùdo epo ní Port Sudan,  araàlú n kérora","Won so ina sí ibùdo epo ní Port Sudan,  aráàlú n kérora","Wọn sọ ina sí ibùdo epo ní Port Sudan,  araalu ń kerora","non-sarcastic","BBC News","original"
"217","Bàbá Mohbad le pe ẹjọ́ tako ìdájọ́ tó tú Naira Marley àti Sam Larry sílẹ̀ - Ilé ẹjọ́","Baba Mohbad le pe ejo tako idajo to tu Naira Marley ati Sam Larry sile - Ile ejo","Bàbá Mohbad le pe ẹjọ́ tako idájọ́ tó tú Naira Marley àti Sam Larry silẹ̀ - Ile ejọ́","Babá Mohbad le pe ẹjọ tako ìdájó to tú Naira Marley ati Sam Larry silẹ - Ilé ejó","Babá Mohbad le pe ejo tako idájo to tu Naira Marley àti Sam Larry síle - Ile ejó","non-sarcastic","BBC News","original"
"218","Ìyàwó ilé tó di ògbóǹtarìgì nínú ìdíje àgbáyé fáwọn èèyàn tó sán eegun","Iyawo ile to di ogbontarigi ninu idije agbaye fawon eeyan to san eegun","Iyàwó ilé tó di ògboǹtarìgì nínú ìdíje agbayé fawọn eèyàn tó sán eegun","Ìyàwó ilé to di ogbóntarìgì nínú idije àgbayé fáwọn eeyan tó san eegun","Iyawó ile to di ogboǹtarìgi ninú idije agbaye fáwon eeyàn to san eegun","non-sarcastic","BBC News","original"
"219","Ọkùnrin tí Salawa ń fẹ́ báyìí ń yá a lò ni, ìyàwó mi ni títí ayé - Kollington Ayinla","Okunrin ti Salawa n fe bayii n ya a lo ni, iyawo mi ni titi aye - Kollington Ayinla","Ọkùnrin tí Salawa ń fẹ báyìí ń yá a lò ni, ìyàwó mi ni títí ayé - Kollington Ayinla","Okunrin tí Salawa n fẹ báyìi n yá a lo ni, iyawó mi ni títi aye - Kollington Ayinla","Ọkunrin ti Salawa ń fẹ́ bayìi ń ya a lo ni, iyawo mi ni títi ayé - Kollington Ayinla","non-sarcastic","BBC News","original"
"220","Oun tí aráyé ń pè ní ""àṣeyọrí òjijì"" náà ni ọjọ́ tí ayé ṣe pẹ̀kí pẹ̀lú òtítọ́ tí o ti ń fi lògbà láti kánrinkese","Oun ti araye n pe ni ""aseyori ojiji"" naa ni ojo ti aye se peki pelu otito ti o ti n fi logba lati kanrinkese","Oun tí aráye ń pè ní ""aṣeyorí òjijì"" náa ni ọjọ tí ayé se pẹ̀kí pẹ̀lu òtítọ́ ti o ti n fi lògba láti kánrinkese","Oun tí aráye n pe ni ""àṣeyọri ojijì"" naa ni ojo ti aye ṣe pèkí pèlú otitọ tí o ti n fi lògbà láti kanrinkese","Oun tí aráye n pe ni ""àseyori ojiji"" naa ni ojó ti ayé se peki pẹ̀lu otitọ tí o ti n fi logba lati kanrinkese","non-sarcastic","X","original"
"221","Àkókò ní ìlànà rẹ̀ tí yóò fi ṣe àfìhàn tàbí àyẹ́sí oun tí ó ní ìfaradà","Akoko ni ilana re ti yoo fi se afihan tabi ayesi oun ti o ni ifarada","Àkókò ní ìlànà rẹ̀ tí yóò fi se afìhàn tàbí àyẹsí oun tí o ní ìfarada","Àkokò ni ìlànà rẹ̀ ti yoo fi se afìhàn tabi ayẹ́si oun tí ó ni ifaradà","Àkoko ni ilàna re ti yoo fi se afihàn tabí ayési oun ti o ni ifaradà","non-sarcastic","X","original"
"222","Ìwọ, túbọ̀ dúró ṣinṣin pẹ̀lú òtítọ́ rẹ","Iwo, tubo duro sinsin pelu otito re","Iwọ, tubọ duro ṣinsin pẹ̀lu otítọ rẹ","Ìwọ, tubò duró sinsin pẹ̀lu òtítọ́ re","Ìwo, tubo duro sinsin pelu òtitọ rẹ","non-sarcastic","X","original"
"223","Bí ẹ bá jẹ́ olùfẹ́ lítírésọ̀ Yorùbá, ó dá mi lójú pé àkàgbádùn ni ìwé ìtàn mi, tí àkọlé rẹ ń jẹ́ Ṣẹ̀gílọlá Arómirẹ́ Ògìdán yóò jẹ́ fún yín","Bi e ba je olufe litireso Yoruba, o da mi loju pe akagbadun ni iwe itan mi, ti akole re n je Segilola Aromire Ogidan yoo je fun yin","Bí ẹ bá jé olùfẹ́ lítírésọ̀ Yorùbá, o dá mi loju pé àkagbádùn ni iwé ìtàn mi, tí àkọlé re ń jẹ́ Ṣẹ̀gílọlá Arómiré Ògìdán yoo je fun yín","Bi ẹ ba je olùfé lítíresò Yorùba, ó da mi lójú pé akàgbadùn ni ìwé ìtàn mi, tí àkole rẹ ń jé Sẹgilọlá Arómirẹ Ogidán yóò jẹ́ fun yin","Bí e ba jé olùfe litíreso Yoruba, o da mi loju pe akagbadun ni iwe itàn mi, ti akole re n je Segilola Aromire Ogidan yoo je fún yín","non-sarcastic","X","original"
"224","Wo àwọn oníjàkadì inú ẹrọ̀fọ̀ tó wá di ògo àgbáyé","Wo awon onijakadi inu erofo to wa di ogo agbaye","Wo àwon oníjàkadi inú ẹrọ̀fọ̀ tó wá di ògo agbáyé","Wo awon oníjàkadì inu eròfọ to wa di ògo àgbáye","Wo àwon oníjakadi inu ẹrofo to wa di ogo agbáye","non-sarcastic","BBC News","original"
"225","Lónìí ni èsì ìdánwò JAMB táwọn akẹ́kọ̀ọ́ 379,000 tún ṣe yóò jáde","Lonii ni esi idanwo JAMB tawon akekoo 379,000 tun se yoo jade","Lónìí ni èsì ìdánwo JAMB tawọn akẹ́kòọ́ 379,000 tún se yoò jade","Lónií ni èsi ìdanwo JAMB tawon akẹ́koọ́ 379,000 tún ṣe yoò jade","Lonii ni èsi idánwo JAMB tawọn akekoọ 379,000 tun se yoo jade","non-sarcastic","BBC News","original"
"226","Kí ló ṣokùnfà bí ẹlẹ́wọ̀n méje ṣe sá lọ lọ́gbà ẹ̀wọ̀n Osun lẹ́yìn àrọ̀ọ̀dá òjò?","Ki lo sokunfa bi elewon meje se sa lo logba ewon Osun leyin arooda ojo?","Kí ló ṣokunfà bí ẹlẹwòn méje ṣe sa lọ lọgba ẹ̀wọ̀n Osun lẹ́yin arọ̀ọ̀da ojò?","Ki lo sokunfa bí elẹwòn meje ṣe sa lọ lógbà ewon Osun leyin arọ̀odá òjo?","Ki lo sokùnfa bi elẹwon méje se sa lo logbà ẹwon Osun leyin aroọda òjò?","non-sarcastic","BBC News","original"
"227","Ọkọ dáná sun ìyàwó àti ọmọ nítorí owó oúnjẹ","Oko dana sun iyawo ati omo nitori owo ounje","Ọkọ dana sun ìyawó ati ọmọ nítorí owó oúnjẹ","Okọ dáná sun ìyawó àti ọmo nítori owo ounje","Oko dana sun iyawo ati omo nítori owo ounjẹ","non-sarcastic","BBC News","original"
"228","Ìtàn bí ìwà ọ̀dàlẹ̀ ṣe mú egúngún wọ ìlú Omu-Aran àti bó ṣe di àṣà","Itan bi iwa odale se mu egungun wo ilu Omu-Aran ati bo se di asa","Ìtàn bi ìwà òdàlẹ ṣe mú egúngún wo ilu Omu-Aran ati bó se di àṣa","Ìtàn bí ìwa ọ̀dàlẹ̀ ṣe mu egungun wọ ìlú Omu-Aran àti bó ṣe di àṣà","Ìtàn bí ìwa òdalẹ se mú egungun wo ilu Omu-Aran ati bó se di asa","non-sarcastic","BBC News","original"
"229","Àṣìta ìbọn 'ọlọ́pàá' ṣekú pa akẹ́kọ̀ọ́ tó ń ṣèdánwò WAEC n'Ibadan, àwọn olùfẹ̀hónúhàn gbé òkú rẹ̀ lọ ọ́fíìsì Makinde","Asita ibon 'olopaa' seku pa akekoo to n sedanwo WAEC n'Ibadan, awon olufehonuhan gbe oku re lo ofiisi Makinde","Aṣìta ìbon 'ọlópaa' ṣekú pa akẹ́kọ̀ọ tó ń ṣèdánwò WAEC n'Ibadan, awon olùfẹ̀hónúhàn gbé okú rẹ lọ ọ́fíìsì Makinde","Aṣìta ìbọn 'ọlópàá' ṣeku pa akẹkoọ to n sedánwo WAEC n'Ibadan, awọn olufẹ̀honúhan gbé òkú rè lọ ọ́fíisi Makinde","Aṣìta ibon 'olopaa' ṣeku pa akẹkòó tó ń sedanwo WAEC n'Ibadan, àwon olùfehonuhan gbé oku rẹ lo ofiisi Makinde","non-sarcastic","BBC News","original"
"230","'A kò lè sọ bóyá alága ẹgbẹ́ APC tí wọ́n jígbé l'Ondo ti kú tàbí kò tíì kú''","'A ko le so boya alaga egbe APC ti won jigbe l'Ondo ti ku tabi ko tii ku''","'A ko lè so bóyá alaga ẹgbẹ́ APC tí wọn jígbé l'Ondo ti kú tàbí kò tíì kú''","'A kò le so boyá alága ẹgbẹ́ APC tí wọ́n jígbé l'Ondo ti kú tàbi kò tiì ku''","'A kò le so bóya alaga egbe APC ti won jigbe l'Ondo ti ku tabi ko tii ku''","non-sarcastic","BBC News","original"
"231","Mọ́gàjí Ogbomoso àti Ibadan tako àbá láti sọ Alaafin di alága láéláé ìgbìmọ̀ lọ́balọ́ba Oyo","Mogaji Ogbomoso ati Ibadan tako aba lati so Alaafin di alaga laelae igbimo lobaloba Oyo","Mogàji Ogbomoso àti Ibadan tako àbá láti so Alaafin di alága láélaé ìgbìmò lóbalọ́ba Oyo","Mógàji Ogbomoso ati Ibadan tako aba láti sọ Alaafin di alága láelae ìgbimò lobalóba Oyo","Mógají Ogbomoso ati Ibadan tako aba láti sọ Alaafin di alaga laélaé ìgbìmọ lobaloba Oyo","non-sarcastic","BBC News","original"
"232","Ẹni tí a jọ ń gbé lábẹ́ òrùlé kan ló tà mí sóko ẹrú ní Mali – Adeola, ọmọ Jumoke George","Eni ti a jo n gbe labe orule kan lo ta mi soko eru ni Mali – Adeola, omo Jumoke George","Ẹni tí a jo n gbé lábe orùlé kan ló tà mí sóko ẹrú ní Mali – Adeola, ọmọ Jumoke George","Eni ti a jọ n gbe lábẹ́ òrùle kan lo tà mí soko erú ni Mali – Adeola, ọmọ Jumoke George","Eni tí a jo n gbé labẹ òrulé kan lo ta mi sóko eru ní Mali – Adeola, omo Jumoke George","non-sarcastic","BBC News","original"
"233","Ìfẹ̀hónúhàn wa kò lọ́wọ́ òṣèlú nínú, ìdí tí a fi wọ́de lórí ọ̀nà tí kò da rèé'","Ifehonuhan wa ko lowo oselu ninu, idi ti a fi wode lori ona ti ko da ree'","Ifẹ̀honúhàn wa kò lọwọ́ òṣèlú nínu, ìdí tí a fi wọ́de lórí ònà tí kò da rèé'","Ifèhonúhan wa kò lówọ́ òṣèlú ninu, ìdí ti a fi wóde lóri ònà ti ko da ree'","Ifehónuhan wa ko lowo oṣelu ninu, idi tí a fi wọde lórí ọna ti ko da ree'","non-sarcastic","BBC News","original"
"234","Mi ò mọ̀ pé mo lè dé ipò ọba - Owa Obokun tuntun Ilẹ̀ Ijẹsa","Mi o mo pe mo le de ipo oba - Owa Obokun tuntun Ile Ijesa","Mi ò mọ̀ pe mo lè dé ipò ọba - Owa Obokun tuntun Ilẹ̀ Ijesa","Mi ò mo pé mo le dé ipò oba - Owa Obokun tuntun Ilẹ̀ Ijẹsa","Mi o mo pe mo le de ipo ọba - Owa Obokun tuntun Ilè Ijesa","non-sarcastic","BBC News","original"
"235","Ṣé lóòótọ́ ni àwọ́n jàǹdùkú kọlu Alabi Pasuma lóde eré ní Ikire?","Se loooto ni awon janduku kolu Alabi Pasuma lode ere ni Ikire?","Ṣé lóoótọ ni àwọ́n jaǹdùkú kolu Alabi Pasuma lóde ere ni Ikire?","Ṣé lóootó ni àwọ́n jandùku kọlu Alabi Pasuma lóde eré ni Ikire?","Sé lóoóto ni awón jandùku kolu Alabi Pasuma lóde ere ni Ikire?","non-sarcastic","BBC News","original"
"236","Kí ni Ààrẹ Tinubu, Peter Obi àti Kayode Fayemi bá ara wọn sọ nígbà tí wọ́n pàdé nibi ayẹyẹ Poopu ni Rome?","Ki ni Aare Tinubu, Peter Obi ati Kayode Fayemi ba ara won so nigba ti won pade nibi ayeye Poopu ni Rome?","Kí ni Àarẹ Tinubu, Peter Obi àti Kayode Fayemi bá ara wọn sọ nígbà tí won pàdé nibi ayẹyẹ Poopu ni Rome?","Kí ni Aàrẹ Tinubu, Peter Obi àti Kayode Fayemi bá ara won sọ nigba ti wọ́n pàde nibi ayeyẹ Poopu ni Rome?","Ki ni Ààre Tinubu, Peter Obi ati Kayode Fayemi bá ara won sọ nigba ti wọ́n pàde nibi ayeye Poopu ni Rome?","non-sarcastic","BBC News","original"
"237","Perimenopause: Wo àwọn ọ̀nà mẹ́fà láti mójútó ìlera lásìkò tí nǹkan oṣù obìnrin ti fẹ́ dúró","Perimenopause: Wo awon ona mefa lati mojuto ilera lasiko ti nnkan osu obinrin ti fe duro","Perimenopause: Wo awọn ọ̀nà mẹfa láti mójúto ilera lásìko tí nǹkan oṣu obìnrin ti fẹ́ dúró","Perimenopause: Wo àwon ọ̀na mẹfa láti mójúto ìlera lásìkò tí nǹkan oṣu obìnrin ti fẹ́ dúro","Perimenopause: Wo awọn onà méfa lati mojúto ìlera lásikò ti nnkan oṣu obinrin ti fẹ duró","non-sarcastic","BBC News","original"
"238","Mọ̀ nípa Opeyemi Bright, ọmọbìnrin Nàìjíríà tó di olórí ìjọba ìbílẹ̀ ní UK","Mo nipa Opeyemi Bright, omobinrin Naijiria to di olori ijoba ibile ni UK","Mọ̀ nipa Opeyemi Bright, omọbìnrin Nàìjíríà tó di olorí ìjọba ibílẹ̀ ní UK","Mọ̀ nípa Opeyemi Bright, omobinrin Nàijírià tó di olóri ìjoba ibíle ni UK","Mọ nípa Opeyemi Bright, omọbinrin Nàijíria to di olori ìjọba ibíle ni UK","non-sarcastic","BBC News","original"
"239","Timothy Omotosho: Wo àwọn pásítọ̀ ọmọ Naijiria tó ti fìgbàkanrí ní ìṣòro òfin nílẹ̀ òkèèrè","Timothy Omotosho: Wo awon pasito omo Naijiria to ti figbakanri ni isoro ofin nile okeere","Timothy Omotosho: Wo àwọn pasitọ̀ ọmọ Naijiria to ti figbàkanrí ní iṣòro ofin nilẹ̀ òkèèrè","Timothy Omotosho: Wo awon pasítọ̀ omọ Naijiria tó ti fìgbàkanrí ni ìsoro ofin nílẹ òkèerè","Timothy Omotosho: Wo awon pasito ọmo Naijiria to ti fìgbakanri ní isoro òfin nile okeère","non-sarcastic","BBC News","original"
"240","Ọmọkùnrin tó fi mílíọ̀nù kan Náírà, owó ọ̀gá rẹ̀, ta tẹ́tẹ́ dèrò ẹ̀wọ̀n","Omokunrin to fi milionu kan Naira, owo oga re, ta tete dero ewon","Omọkùnrin tó fi mílíọ̀nù kan Naírà, owó ògá rè, ta tétẹ́ dero ẹ̀wọ̀n","Ọmokùnrin tó fi milíònu kan Naíra, owo ògá rẹ̀, ta tẹ́tẹ́ dero ẹ̀wọ̀n","Omokunrin to fi milionu kan Naira, owo ogá re, ta téte dero ewọn","non-sarcastic","BBC News","original"
"241","Ìdí tí mo fi pè fún àtúntò ìgbìmọ̀ àwọn ọba l' Oyo -Seyi Makinde","Idi ti mo fi pe fun atunto igbimo awon oba l' Oyo -Seyi Makinde","Idi tí mo fi pè fun àtuntò ìgbìmọ àwon oba l' Oyo -Seyi Makinde","Ìdi ti mo fi pè fún àtunto igbimo awọn ọba l' Oyo -Seyi Makinde","Ìdi ti mo fi pe fún àtunto igbimò àwon oba l' Oyo -Seyi Makinde","non-sarcastic","BBC News","original"
"242","Èèyàn 27 tún kú nínú ìjamba ọkọ̀ ojú omi ní Kwara","Eeyan 27 tun ku ninu ijamba oko oju omi ni Kwara","Èèyàn 27 tun kú nínú ìjamba ọkọ̀ ojú omi ní Kwara","Èèyan 27 tun ku nínu ijamba okọ̀ ojú omi ní Kwara","Eeyan 27 tun ku nínú ijamba okò oju omi ni Kwara","non-sarcastic","BBC News","original"
"243","Kọngílá parí títì, àgbàrá òjò wọ́ọ lọ lọ́jọ́ kejì, Gómìnà Adeleke bá fárígá l'Osun","Kongila pari titi, agbara ojo woo lo lojo keji, Gomina Adeleke ba fariga l'Osun","Kọngílá parí títì, àgbàrá òjo wọ́o lọ lojọ́ kejì, Gómìnà Adeleke bá fárigá l'Osun","Kọngila parí titi, agbàrá òjò wọọ lọ lojo keji, Gómina Adeleke ba fáríga l'Osun","Kongila parí titi, agbara ojò woọ lo lọjo keji, Gómina Adeleke ba faríga l'Osun","non-sarcastic","BBC News","original"
"244","Ajínigbé ṣekúpa alága ẹgbẹ́ APC l'Ondo lẹ́yìn tí wọ́n kọ́kọ́ gba ₦5m owó ìtúsílẹ̀","Ajinigbe sekupa alaga egbe APC l'Ondo leyin ti won koko gba ₦5m owo itusile","Ajínigbé sekupa alága egbẹ APC l'Ondo léyìn tí wọ́n kọ́kọ́ gba ₦5m owó ìtúsílè","Ajínigbe sekupa alága egbẹ́ APC l'Ondo lẹ́yin ti wọn kokó gba ₦5m owo itusilè","Ajinigbe sekúpa alaga ẹgbe APC l'Ondo léyìn ti wọn kokó gba ₦5m owo itusile","non-sarcastic","BBC News","original"
"245","Kí ló ṣẹlẹ̀ sí àgbà òṣèré Yemi My Lover tó fi ké gbàjarè pé òun nílò ìrànlọ́wọ́?","Ki lo sele si agba osere Yemi My Lover to fi ke gbajare pe oun nilo iranlowo?","Kí ló ṣẹlẹ sí agba òṣeré Yemi My Lover tó fi ké gbajarè pé òun nílò ìrànlọ́wọ?","Ki ló sẹle sí àgbà òṣeré Yemi My Lover to fi ke gbajare pe oun nilò ìranlówó?","Ki lo sele si agbà osere Yemi My Lover to fi ké gbajarè pe oun nilò iranlowo?","non-sarcastic","BBC News","original"
"246","Ìjàmbá ọkọ̀ gbẹ̀mí èèyàn méje, àwọn mẹ́rìndínlógún míì farapa","Ijamba oko gbemi eeyan meje, awon merindinlogun mii farapa","Ìjàmbá ọkò gbẹ̀mí eèyan meje, awon mẹ́rìndínlógún míì farapa","Ìjambá ọkò gbèmí èeyan meje, àwọn merindínlogún miì farapa","Ìjàmba ọkọ gbèmi eeyan meje, awọn merindinlógun mii farapa","non-sarcastic","BBC News","original"
"247","Àbọ̀ ìwádìí BBC rèé lórí ìrẹsì tí wọ́n ní ó ń pààyàn láti Seme","Abo iwadii BBC ree lori iresi ti won ni o n paayan lati Seme","Abọ ìwádìi BBC ree lóri ìresi tí wón ní ó ń pàayàn láti Seme","Àbọ̀ iwádìí BBC rèé lori irẹsi tí wọn ni o n paàyàn láti Seme","Àbo iwadii BBC reé lóri irẹsì ti won ni o n paàyan lati Seme","non-sarcastic","BBC News","original"
"248","Njẹ́ o ti gbọ́ nípa àwọn ìlú mẹ́fà yìí níbi tí òòrùn ò kìí wọ̀ rárá?","Nje o ti gbo nipa awon ilu mefa yii nibi ti oorun o kii wo rara?","Njẹ́ o ti gbọ́ nípa àwọn ìlú mẹ́fa yìí níbi tí òòrùn ò kii wọ rárá?","Njẹ́ o ti gbọ́ nípa àwon ilu mẹ́fa yìí nibi tí oòrun o kìi wò rára?","Njé o ti gbó nípa awon ilú mẹ́fa yii nibi ti oorùn o kìi wo rara?","non-sarcastic","BBC News","original"
"249","Ìdí tí mo fi sunkún nígbà tí MKO Abiola jáde láyé - Alake ilẹ̀ Ẹ̀gbá","Idi ti mo fi sunkun nigba ti MKO Abiola jade laye - Alake ile Egba","Ìdí tí mo fi sunkun nigbà tí MKO Abiola jade láyé - Alake ilè Ẹ̀gbá","Idí tí mo fi sunkun nígbà tí MKO Abiola jade layé - Alake ilè Ẹgbá","Ìdí tí mo fi sunkun nigba ti MKO Abiola jade laye - Alake ile Ẹgba","non-sarcastic","BBC News","original"
"250","Ogún Naira ni mo gbà fún Sinímá Ọ̀pá Ajé tó sọ mí di olókìkí – Àjan Abija","Ogun Naira ni mo gba fun Sinima Opa Aje to so mi di olokiki – Ajan Abija","Ogún Naira ni mo gbà fún Sinímá Òpá Ajé tó so mi di olokìki – Ajan Abija","Ogun Naira ni mo gba fún Siníma Opá Ajé to sọ mí di olókìki – Àjan Abija","Ogún Naira ni mo gba fun Sinima Òpa Aje to so mi di olókìki – Ajan Abija","non-sarcastic","BBC News","original"
"251","Ṣó o l'áyà! Ẹ wo bí Eniola Ajao ṣe fakọyọ lórí ètò tí BBC fi n dàn ìmọ̀ èdè Yorùbá wò","So o l'aya! E wo bi Eniola Ajao se fakoyo lori eto ti BBC fi n dan imo ede Yoruba wo","Ṣó o l'áyà! E wo bi Eniola Ajao se fakọyọ lórí etò tí BBC fi n dan ìmọ̀ èdè Yorùba wo","Só o l'áya! E wo bi Eniola Ajao ṣe fakoyo lórí etò ti BBC fi n dàn imo ede Yorùbá wò","Só o l'aya! E wo bi Eniola Ajao ṣe fakoyọ lori etò tí BBC fi n dan imọ edè Yoruba wo","non-sarcastic","BBC News","original"
"252","Ìfìyà-jẹ-ara ẹni ni Libya tí mo wá, mi ò tọrọ irú ẹ fún ọ̀tá mi'","Ifiya-je-ara eni ni Libya ti mo wa, mi o toro iru e fun ota mi'","Ìfìyà-jẹ-ara ẹni ni Libya tí mo wá, mi ò tọrọ irú ẹ fún ọ̀ta mi'","Ìfiya-jẹ-ara ẹni ni Libya tí mo wa, mi ò tọro irú ẹ fun ọtá mi'","Ifiya-je-ara eni ni Libya ti mo wa, mi o tọrọ irú e fun ota mi'","non-sarcastic","BBC News","original"
"253","Ọlọ́pàá ń lo àyẹ̀wò DNA láti ṣàwárí ìyá àwọn ọmo tí wọ́n rí nínú àpò lẹ́bá ọ̀nà","Olopaa n lo ayewo DNA lati sawari iya awon omo ti won ri ninu apo leba ona","Ọlọpàá n lo àyẹ̀wo DNA láti ṣawárí ìyá àwọn ọmo tí wón rí nínú apò lébá ònà","Olopaa n lo ayewò DNA láti sàwari ìyá àwon ọmo ti wọ́n ri nínú apo leba ọ̀na","Olopàa ń lo ayewo DNA láti ṣàwarí iya awon ọmo ti wón ri nínu apo leba ọ̀na","non-sarcastic","BBC News","original"
"254","Kí ló kàn fún Simon Ekpa lẹ́yìn tí ìjọba Finland fẹ̀sùn ìdìtẹ̀mọ́jọba kàn án?","Ki lo kan fun Simon Ekpa leyin ti ijoba Finland fesun iditemojoba kan an?","Kí ló kàn fún Simon Ekpa lẹ́yìn ti ìjọba Finland fẹ̀sùn ìdìtẹ̀mọ́joba kàn án?","Ki ló kan fún Simon Ekpa leyin tí ijoba Finland fẹ̀sùn ìdìtemọ́joba kàn an?","Ki lo kan fun Simon Ekpa leyin ti ijoba Finland fèsùn idìtemojoba kàn an?","non-sarcastic","BBC News","original"
"255","Ìbẹ̀rùbojo gbilẹ̀ lórí owó orí ẹran àgbò bí ìjọba ṣe fòfin dé kíkó àgbò lọ sórílẹ̀ èdè míì lásìkò Ileya","Iberubojo gbile lori owo ori eran agbo bi ijoba se fofin de kiko agbo lo sorile ede mii lasiko Ileya","Ìbẹ̀rùbojo gbilẹ̀ lórí owó ori ẹran àgbò bí ìjọba se fòfin dé kíkó agbò lọ sórílẹ̀ ède miì lásìkò Ileya","Ìbẹ̀rùbojo gbilẹ̀ lóri owo ori eran àgbò bi ìjoba se fofin de kíkó agbò lọ sorilẹ̀ ede mii lasikò Ileya","Iberùbojo gbile lori owo ori eran àgbò bi ijoba se fofin dé kíko agbò lọ soríle ede mii lasiko Ileya","non-sarcastic","BBC News","original"
"256","Ìbálòpọ̀ pẹ̀lú ìlérí góòlù - àṣírí ìwà àìtọ́ tó ń kojú àwọn ọmọdékùnrin kan láwọn ibùdó ìwakùsà tó lòdì sófin ni South Africa","Ibalopo pelu ileri goolu - asiri iwa aito to n koju awon omodekunrin kan lawon ibudo iwakusa to lodi sofin ni South Africa","Ìbálòpò pèlu ìlerí goòlù - asírí ìwà àìtọ́ to ń kojú àwọn ọmọdékùnrin kan láwon ibùdo ìwakùsà to lòdì sófin ni South Africa","Ìbalopọ̀ pẹlú ìleri goòlù - àṣiri ìwà aito tó n kojú awon omodekùnrin kan láwon ibudó iwakùsa to lòdì sofin ni South Africa","Ìbalopo pẹlu ilérí goolu - àṣiri iwà àìtọ́ to n koju awọn omọdekùnrin kan lawọn ibudó iwakùsa tó lodi sofin ni South Africa","non-sarcastic","BBC News","original"
"257","Òkò ọ̀rọ̀ ń bọ́ bí Ibadan àti Oyo ṣe ń tahùn síra wọn lórí ẹni tí ipò alága ìgbìmọ̀ lọ́balọ́ba l'Oyo tọ́ sí","Oko oro n bo bi Ibadan ati Oyo se n tahun sira won lori eni ti ipo alaga igbimo lobaloba l'Oyo to si","Òko ọ̀rọ̀ n bọ́ bí Ibadan àti Oyo se ń tahùn síra wọn lori ẹni tí ipò alága ìgbìmọ̀ lọ́balọ́ba l'Oyo tọ́ sí","Oko orò ń bó bí Ibadan àti Oyo ṣe ń tahun síra wọn lorí ẹni ti ipò alága ìgbìmò lọbalóba l'Oyo tọ́ si","Oko ọ̀ro n bo bí Ibadan ati Oyo se n tahun sira won lóri ẹni tí ipo alaga igbimọ lóbaloba l'Oyo to si","non-sarcastic","BBC News","original"
"258","Ọdún ìtẹ́ ọba nìkan ni mo ti gbọdọ̀ jó lẹ́ẹ̀kan lọ́dún - Olomu ti Omu-Aran","Odun ite oba nikan ni mo ti gbodo jo leekan lodun - Olomu ti Omu-Aran","Ọdún ité ọba nìkan ni mo ti gbọdọ̀ jó léẹ̀kan lọ́dún - Olomu ti Omu-Aran","Odún ìte oba nìkan ni mo ti gbodọ jo leẹkan lódun - Olomu ti Omu-Aran","Odun ìte oba nìkan ni mo ti gbọdọ jo léekan lodun - Olomu ti Omu-Aran","non-sarcastic","BBC News","original"
"259","Ohun tí a mọ̀ nípa afurasí tọ́wọ́ aráàlù tẹ̀ fẹ́sùn pé ó fẹ́ jí ọmọ gbé ní Ilorin","Ohun ti a mo nipa afurasi towo araalu te fesun pe o fe ji omo gbe ni Ilorin","Ohun ti a mọ̀ nípa afurasí tọwọ́ aráàlù tẹ fesùn pé o fẹ́ jí ọmo gbé ni Ilorin","Ohun tí a mò nípa afurasi tówọ́ aráàlù tẹ̀ fesùn pe o fẹ ji omo gbé ni Ilorin","Ohun tí a mò nípa afurasi towọ aráàlu tè fésun pe o fe ji omo gbe ni Ilorin","non-sarcastic","BBC News","original"
"260","Pẹ̀tẹ̀pẹ́tẹ̀ táa nà ní pọ̀pá, ẹníbá tabà kó lọ túnbẹ̀ ṣe","Petepete taa na ni popa, eniba taba ko lo tunbe se","Pètèpẹ́tẹ táa nà ní pọ̀pá, eníbá tabà kó lọ túnbẹ̀ se","Pètèpéte táa na ni pòpá, ẹniba tabà ko lọ tunbe ṣe","Petẹpetẹ táa nà ni popa, ẹníbá tabà ko lo túnbẹ ṣe","non-sarcastic","X","original"
"261","E wo nínú yín ni ó fún ọmọ yìí lóyún 🤣🤣","E wo ninu yin ni o fun omo yii loyun 🤣🤣","E wo nínú yin ni ó fún ọmọ yìí lóyún 🤣🤣","E wo nínú yin ni o fun ọmọ yií loyún 🤣🤣","E wo nínu yin ni o fun omo yìi loyun 🤣🤣","non-sarcastic","X","original"
"262","Àgbáríjọ ẹgbẹ́ ọmọ Yorùbá ni Faransé, Ẹ ṣeun gan ni fún àmì ẹ̀yẹ ti ẹ fi dámilọ́lá.","Agbarijo egbe omo Yoruba ni Faranse, E seun gan ni fun ami eye ti e fi damilola.","Àgbaríjọ ẹgbẹ ọmọ Yorùbá ni Faransé, Ẹ ṣeun gan ni fún amì ẹyẹ ti ẹ fi dámilọ́lá.","Agbaríjo ẹgbé ọmọ Yorubá ni Faranse, Ẹ ṣeun gan ni fún ami èye ti e fi damilọ́la.","Agbarijo ẹgbe omo Yoruba ni Faranse, E seun gan ni fún ami èye ti e fi dámilola.","non-sarcastic","X","original"
"263","Wàá ṣe bí ọkùnrin kí ìwọ náà tó lè jẹ́ ènìyàn pàtàkì, wá tiraka láti jẹ́ ẹni tí àwọn ènìyàn ń wárí fún un.","Waa se bi okunrin ki iwo naa to le je eniyan pataki, wa tiraka lati je eni ti awon eniyan n wari fun un.","Wàá ṣe bí ọkùnrin kí ìwọ náà to lè jẹ́ èniyàn pàtàkì, wá tiraka láti jẹ́ eni tí àwọn ènìyàn n wárí fún un.","Waa ṣe bí okunrin ki iwo náa tó le jẹ ènìyan pàtàki, wá tiraka lati jé ẹni ti àwon ènìyan n wári fun un.","Wàá ṣe bi okunrin ki ìwo naà to le jé eniyan pàtaki, wa tiraka láti jẹ eni ti awon eniyan n wari fun un.","non-sarcastic","X","original"
"264","Àrà gbé láyé túmọ̀ sí wípé, wọ́n máa ń ra ayé gbé ní.","Ara gbe laye tumo si wipe, won maa n ra aye gbe ni.","Àrà gbé laye túmọ̀ si wípe, wọ́n máa ń ra ayé gbé ní.","Ara gbe láye túmọ si wipe, wón maa ń ra aye gbe ní.","Ara gbe laye tumo si wipe, won máa n ra aye gbe ní.","non-sarcastic","X","original"
"265","Ọlọ́pàá bá òkú ọmọ Nàìjíríà tí wọ́n gún pa sínú ilé ní ó ku ọ̀sẹ̀ méjì tó máa parí ìkẹ́kọ̀ọ́ nọ́ọ̀sì ní US","Olopaa ba oku omo Naijiria ti won gun pa sinu ile ni o ku ose meji to maa pari ikekoo noosi ni US","Ọlọ́paa bá òku ọmọ Nàìjírià tí wọ́n gún pa sínu ilé ní ó ku òsẹ̀ méji tó máa parí ìkẹ́kọ̀ọ́ noọsì ni US","Olopaa bá òku omo Nàìjírià ti won gún pa sínu ile ní o ku osẹ meji to máa parí ikẹ́kọo nọọsì ni US","Olópaa ba oku omo Naìjirià ti won gun pa sinu ile ní o ku ose méji to maa pari ikekọó noòsi ni US","non-sarcastic","BBC News","original"
"266","To ba ya won ma sope won ko ri alanu, bawo ni eniyan mase dagba lai ni opolo bio ti wun ko kere mo, won ko ma wuwa ti o ma se idina fun elomiran lati je anfaani","To ba ya won ma sope won ko ri alanu, bawo ni eniyan mase dagba lai ni opolo bio ti wun ko kere mo, won ko ma wuwa ti o ma se idina fun elomiran lati je anfaani","To ba ya won ma sope won ko ri alanu, bawo ni eniyan mase dagba lai ni opolo bio ti wun ko kere mo, won ko ma wuwa ti o ma se idina fun elomiran lati je anfaani","To ba ya won ma sope won ko ri alanu, bawo ni eniyan mase dagba lai ni opolo bio ti wun ko kere mo, won ko ma wuwa ti o ma se idina fun elomiran lati je anfaani","To ba ya won ma sope won ko ri alanu, bawo ni eniyan mase dagba lai ni opolo bio ti wun ko kere mo, won ko ma wuwa ti o ma se idina fun elomiran lati je anfaani","non-sarcastic","X","original"
"267","Tí èèyàn kò bá lówó lọ́wọ́, kí o gbìyànjú láti máa ṣe ìgbéraga","Ti eeyan ko ba lowo lowo, ki o gbiyanju lati maa se igberaga","Tí èèyàn kò ba lówó lówọ́, kí o gbìyanjú láti máa ṣe ìgbéraga","Tí èèyàn ko bá lówó lọwọ, kí o gbìyànjú lati maa se ìgbéraga","Ti èèyàn kò ba lowo lọwo, ki o gbiyanjú láti máa ṣe ìgberaga","sarcastic","Instagram","original"
"268","Bí ẹ o ṣe lówó lọ́wọ́ yẹn, o yẹ kẹ máa jalè ni","Bi e o se lowo lowo yen, o ye ke maa jale ni","Bí ẹ o ṣe lówó lówọ yẹn, o yẹ kẹ maa jale ni","Bi ẹ o se lówo lọ́wọ yẹn, o yẹ kẹ máa jalè ni","Bí ẹ o se lowo lówọ yen, o yẹ ke máa jale ni","sarcastic","Instagram","original"
"269","Oloyinbo ni '99 days for the thief, 1 day for the owner'. Ẹ o jalè fún 98 days, tó bá ti di 99th day, kí ẹ jáwọ́","Oloyinbo ni '99 days for the thief, 1 day for the owner'. E o jale fun 98 days, to ba ti di 99th day, ki e jawo","Oloyinbo ni '99 days for the thief, 1 day for the owner'. Ẹ o jalè fún 98 days, tó bá ti di 99th day, kí ẹ jawọ","Oloyinbo ni '99 days for the thief, 1 day for the owner'. Ẹ o jale fun 98 days, tó ba ti di 99th day, kí ẹ jáwọ","Oloyinbo ni '99 days for the thief, 1 day for the owner'. E o jale fun 98 days, to ba ti di 99th day, ki e jáwọ́","sarcastic","Instagram","original"
"270","Bí o ba jalè, Ọlọ́run yóò fi mú àwọn ọ̀rẹ́ẹ̀ rẹ tí wọn kò ṣàánú rẹ ni, nítorí òó ba orúkọ wọn jẹ́ ni.  Àwọn ènìyàn yóò sọ wípé ọ̀rẹ́ olè, olè lòun náà","Bi o ba jale, Olorun yoo fi mu awon oree re ti won ko saanu re ni, nitori oo ba oruko won je ni.  Awon eniyan yoo so wipe ore ole, ole loun naa","Bí o ba jale, Ọlọ́run yóo fi mu àwọn ọ̀rẹ́ẹ rẹ tí wọn kò saánú rẹ ni, nítorí òó ba orúkọ wọn jẹ ni.  Àwọn èniyàn yoò sọ wipé ọ̀re olè, ole lòun náà","Bí o ba jale, Ọlorun yóo fi mú awon òreè re tí wọn ko ṣàánu re ni, nítorí oó ba orúko wọn je ni.  Awon ènìyan yóò so wípé ọ̀rẹ́ olè, ole loun naà","Bí o ba jalè, Olorun yoo fi mú awon orée rẹ tí won kò saanú re ni, nítorí òó ba orúkọ wọn jẹ́ ni.  Àwon eniyan yoo so wipe òre ole, olè loun náa","sarcastic","Instagram","original"
"271","Tí o bá nta tẹ́tẹ́ lójoojúmọ́, tí o ti wá nsọ owó nù jù, kí o máa mú ọtí mọ́ọ ni.","Ti o ba nta tete lojoojumo, ti o ti wa nso owo nu ju, ki o maa mu oti moo ni.","Tí o bá nta tẹtẹ lójoojúmọ, ti o ti wa nsọ owo nu jù, kí o maa mú ọtí mọ́ọ ni.","Ti o bá nta tetẹ́ lójoojumọ, ti o ti wá nsọ owó nu ju, kí o maa mú otí mọọ ni.","Ti o ba nta tétẹ lojoojumo, ti o ti wa nso owo nù ju, ki o maa mu ọti moo ni.","sarcastic","Instagram","original"
"272","Tí o bá ti fẹẹ pé ọgbọn ọdún láyé tí o tíì pàdé eegun tiẹ, gbé eegun eléegun ni.","Ti o ba ti fee pe ogbon odun laye ti o tii pade eegun tie, gbe eegun eleegun ni.","Tí o ba ti fẹe pé ọgbon ọdun layé tí o tiì pàde eegun tiẹ, gbe eegun eléegun ni.","Tí o ba ti feẹ pe ogbon odún láye ti o tíi pàde eegun tie, gbe eegun eleegun ni.","Ti o ba ti fee pé ogbon odun láye tí o tíi pàdé eegun tie, gbe eegun eléegun ni.","sarcastic","Instagram","original"
"273","Nítorí Regina Daniels n mu igbó, kò túmọ̀ wípé ọmọ burúkú ni. Ó le jẹ́ igbó tí o n mu yi ni àwọn èèyàn a fi máa bọ̀wọ̀ fún ọkọ rẹ̀.","Nitori Regina Daniels n mu igbo, ko tumo wipe omo buruku ni. O le je igbo ti o n mu yi ni awon eeyan a fi maa bowo fun oko re.","Nítorí Regina Daniels n mu igbo, kò tumò wípé ọmọ burúku ni. O le jẹ igbó ti o n mu yi ni àwọn eèyàn a fi máa bọ̀wọ̀ fún okọ re.","Nítori Regina Daniels n mu igbo, kò tumo wípé omọ burukú ni. Ó le jé igbo ti o n mu yi ni awọn eèyàn a fi máa bòwọ fún okọ rẹ.","Nitori Regina Daniels n mu igbó, kò tumo wípé omo buruku ni. O le je igbó tí o n mu yi ni awon eèyan a fi maa bowò fún ọkọ re.","sarcastic","Instagram","original"
"274","Ẹ káre láí, Bùọ̀dá gbọ́mọgbọ́mọ😒","E kare lai, Buoda gbomogbomo😒","Ẹ kare laí, Buọ̀dá gbọmogbómọ😒","E kare lái, Buòda gbọmogbọmo😒","E kare lai, Buoda gbomogbomọ😒","sarcastic","Instagram","original"
"275","Olókó dógidógi, káre!","Oloko dogidogi, kare!","Olóko dogidógi, kare!","Olókó dogidógi, káre!","Olóko dogidógi, kare!","sarcastic","Instagram","original"
"276","Wọn kò lè mu yín tí ẹ ba n jalè, ẹ ó fi ọpọlọ ja olè náà ni.","Won ko le mu yin ti e ba n jale, e o fi opolo ja ole naa ni.","Wọn kò lè mu yín tí ẹ ba n jalè, ẹ ó fi ọpọlọ ja olè náà ni.","Won ko le mu yin tí ẹ ba n jalè, ẹ ó fi opolo ja olè náa ni.","Won kò le mu yin ti e ba n jale, e ó fi ọpolọ ja ole naà ni.","sarcastic","Instagram","original"
"277","Bí wọ́n ṣe dájọ́ fún yín wípé ẹ máa kú ní ọjọ́ méje, ẹ yà wọ́n lẹ́nu kí ẹ kú kí ó tó di ọjọ́ méje","Bi won se dajo fun yin wipe e maa ku ni ojo meje, e ya won lenu ki e ku ki o to di ojo meje","Bi wọ́n se dájó fún yín wípé ẹ máa kú ni ojo méje, ẹ yà wọ́n lénu kí ẹ kú kí ó tó di ojọ méje","Bí won se dajó fún yin wipé e máa ku ni ojó méje, ẹ ya wọ́n lẹ́nu kí ẹ ku ki ó tó di ojo meje","Bi won se dajo fun yin wipe ẹ maa ku ní ojo meje, e ya won lénu ki ẹ kú kí ó to di ojọ meje","sarcastic","Instagram","original"
"278","Tí ẹnikẹ́ni bá ní kí o má mú igbó, má ṣe dá wọn lóhùn o. Àbí kí lo fẹ́ẹ máa fi pa ìrònú rẹ? Ó kàn lè yà ẹ́ ní wèrè ni.","Ti enikeni ba ni ki o ma mu igbo, ma se da won lohun o. Abi ki lo fee maa fi pa ironu re? O kan le ya e ni were ni.","Ti ẹnikẹ́ni bá ní ki o má mú igbo, má ṣe dá won lóhùn o. Abi kí lo fẹ́ẹ maa fi pa ìrònú re? Ó kàn lè yà ẹ́ ní wèrè ni.","Tí enikeni bá ní kí o ma mú igbó, ma ṣe da wọn lohùn o. Àbí kí lo feẹ maa fi pa ìrònu re? O kan lè yà e ni wère ni.","Ti enikéni ba ni ki o ma mu igbo, ma ṣe da won lohùn o. Àbi ki lo fee maa fi pa ironu re? O kan lè ya ẹ́ ni were ni.","sarcastic","Instagram","original"
"279","Oriogbade FC ti wá yarí kanlẹ̀ báyìí o. Kí ló ń ṣẹlẹ̀ gan-an gan-an ná ní pápá ìṣeré Emirates?","Oriogbade FC ti wa yari kanle bayii o. Ki lo n sele gan-an gan-an na ni papa isere Emirates?","Oriogbade FC ti wá yarí kanlẹ̀ báyií o. Kí ló n sẹlẹ̀ gan-an gan-an ná ní papá iṣeré Emirates?","Oriogbade FC ti wá yarí kanlè bayií o. Kí lo ń selẹ gan-an gan-an na ní pápá isere Emirates?","Oriogbade FC ti wá yari kanlẹ bayii o. Ki lo n selẹ gan-an gan-an na ni pápá ìsere Emirates?","sarcastic","BBC News","original"
"280","Ọmọ tí yòó bá jẹ́ àṣàmú, kékeré ni yòó ti maa ṣẹnu ṣámú-ṣámú. Bùkáyọ̀ Saka, Oriogbade ooo","Omo ti yoo ba je asamu, kekere ni yoo ti maa senu samu-samu. Bukayo Saka, Oriogbade ooo","Ọmo tí yoó bá jẹ́ àṣamu, kekeré ni yoó ti maa ṣenu ṣámú-ṣámu. Bukáyọ̀ Saka, Oriogbade ooo","Omọ ti yoó ba jẹ́ aṣàmú, kékeré ni yoo ti maa senu samu-sámú. Bukáyọ̀ Saka, Oriogbade ooo","Omo ti yòo ba je aṣamú, kékere ni yòo ti maa sẹnu sámu-ṣamu. Bukáyo Saka, Oriogbade ooo","non-sarcastic","BBC News","original"
"281","Gbajúgbajà akọrin Afro beat, Seun Kuti, ní àìmọ̀kan ló jẹ́ káwọn olólùfẹ́ Wizkid máa fi Wizkid wé Abami Ẹda.","Gbajugbaja akorin Afro beat, Seun Kuti, ni aimokan lo je kawon ololufe Wizkid maa fi Wizkid we Abami Eda.","Gbajúgbajà akorin Afro beat, Seun Kuti, ní àìmọ̀kan lo jẹ́ káwọn olólùfé Wizkid maa fi Wizkid wé Abami Ẹda.","Gbajúgbajà akọrin Afro beat, Seun Kuti, ní aìmọ̀kan ló jẹ́ kawọn olólufé Wizkid máa fi Wizkid wé Abami Ẹda.","Gbajúgbaja akorin Afro beat, Seun Kuti, ni aimokan ló je kawon ololufẹ́ Wizkid maa fi Wizkid we Abami Eda.","non-sarcastic","BBC News","original"
"282","Arsenal, Oriogbade FC, ṣìrìn nílé Aston Villa, àánú ikúnlẹ̀ abiyamọ ṣe wá nígbà tí ìfesewọnsệ parí","Arsenal, Oriogbade FC, sirin nile Aston Villa, aanu ikunle abiyamo se wa nigba ti ifesewonse pari","Arsenal, Oriogbade FC, ṣìrìn nílé Aston Villa, àánú ikúnlẹ̀ abiyamọ ṣe wa nígbà tí ifesewọnsê parí","Arsenal, Oriogbade FC, ṣirìn níle Aston Villa, aanu ikúnlẹ̀ abiyamọ se wa nigba tí ifesewọnsệ pari","Arsenal, Oriogbade FC, sirin nile Aston Villa, aánu ikunlẹ̀ abiyamo ṣe wá nigba ti ifesewonse pari","sarcastic","BBC News","original"
"283","Àmọ̀rí kọ́ ni ìṣòro ẹgbẹ́ agbábọ́ọ̀lù Manchester United. Ẹ̀san òjóóró tí wọ́n ṣe nígbà tí Alex Ferguson jẹ́ Kóòsì wọn ló ń ké lórí wọn. Bí wọ́n ò bá múra, wọ́n máa religéètì gbẹ̀yìn..","Amori ko ni isoro egbe agbaboolu Manchester United. Esan ojooro ti won se nigba ti Alex Ferguson je Koosi won lo n ke lori won. Bi won o ba mura, won maa religeeti gbeyin..","Àmọ̀rí kọ́ ni isòro ẹgbẹ́ agbábọ́òlù Manchester United. Èsan òjoóró ti wọn ṣe nigbà tí Alex Ferguson jẹ́ Kóosì won ló ń ké lórí wọn. Bi wọ́n ò bá múra, wón máa religéètì gbèyìn..","Àmòrí kọ ni ìsoro egbé agbabóọ̀lu Manchester United. Esan ojoóro tí wọn se nigba tí Alex Ferguson je Koosì won lo ń ké lórí won. Bí wọn o bá mura, wọn maa religéetì gbeyin..","Amorí ko ni isòro egbe agbáboòlu Manchester United. Èsan ojóóró tí wón se nígbà ti Alex Ferguson jẹ Koosì won ló n ke lorí won. Bi wón ò ba mura, won máa religeetì gbeyìn..","sarcastic","Facebook","original"
"284","Ṣé ọ̀rọ̀ yìí kò ti di ẹni a lè mú làá lẹ̀dí mọ́ báyìí? Níbo ni Arsenal, Oriogbade, fi gbogbo góòlù yìí sí nígbà tí wọ́n kojú Liverpool?","Se oro yii ko ti di eni a le mu laa ledi mo bayii? Nibo ni Arsenal, Oriogbade, fi gbogbo goolu yii si nigba ti won koju Liverpool?","Ṣé òrò yìí kò ti di eni a lè mu làá lèdí mọ báyìí? Níbo ni Arsenal, Oriogbade, fi gbogbo goòlù yìí sí nígbà tí wón kojú Liverpool?","Ṣe òrọ̀ yìi ko ti di eni a lè mu làá lẹdí mọ́ báyìi? Nibo ni Arsenal, Oriogbade, fi gbogbo goòlu yií si nigba ti won koju Liverpool?","Ṣé ọrọ yìi ko ti di eni a le mú laa ledi mo bayìi? Nibo ni Arsenal, Oriogbade, fi gbogbo góolu yii si nigba ti won kojú Liverpool?","sarcastic","BBC News","original"
"285","Bí olóde kò bá kú, ojúde rẹ̀ kìí hu gbẹ́gi - ẹ̀yà koríko kan.","Bi olode ko ba ku, ojude re kii hu gbegi - eya koriko kan.","Bí olóde ko bá ku, ojúde rẹ̀ kìí hu gbẹ́gi - eyà koriko kan.","Bi olode ko ba kú, ojude rẹ̀ kìí hu gbẹgi - ẹya koriko kan.","Bi olode ko ba ku, ojúde rẹ kii hu gbégi - eyà koriko kan.","non-sarcastic","BBC News","original"
"286","Ríru omi òkun, kò ní kí ẹja má sùn, kò ní kí ẹja má han oorun. Bí omi òkun ṣe ń ru tó, èyí kò di ẹja lọ́wọ́ oorun","Riru omi okun, ko ni ki eja ma sun, ko ni ki eja ma han oorun. Bi omi okun se n ru to, eyi ko di eja lowo oorun","Ríru omi òkun, kò ní ki ẹja ma sùn, kò ní kí ẹja ma han oorun. Bí omi okun ṣe ń ru tó, èyí kò di eja lọwó oorun","Ríru omi okun, kò ni ki eja má sun, kò ní ki eja má han oorun. Bí omi okun ṣe n ru tó, èyí kò di ẹja lówo oorun","Riru omi òkun, ko ni ki eja ma sun, ko ni ki eja ma han oorun. Bi omi okun ṣe n ru tó, eyi kò di eja lówó oorun","non-sarcastic","BBC News","original"
"287","Ọmọdé tó bá mọ ọwọ́ wẹ̀, yóò bá àgbà jẹun.","Omode to ba mo owo we, yoo ba agba jeun.","Ọmọdé to bá mo ọwọ wẹ, yóo bá àgbà jeun.","Ọmode to ba mọ ọwó wẹ, yóò ba àgba jẹun.","Ọmode tó bá mo owo wè, yoo ba àgba jeun.","non-sarcastic","BBC News","original"
"288","Arsenal gbẹ̀san ìyà tí Aston Villa fi jẹ wọ́n lára Club Brugge tí kò mọwọ́ mẹsè.😀","Arsenal gbesan iya ti Aston Villa fi je won lara Club Brugge ti ko mowo mese.😀","Arsenal gbẹ̀san ìyà tí Aston Villa fi jẹ wọn lara Club Brugge tí kò mowo mẹse.😀","Arsenal gbesan iyà ti Aston Villa fi je won lára Club Brugge ti ko mowọ́ mese.😀","Arsenal gbesan iyà ti Aston Villa fi jẹ wón lára Club Brugge ti ko mowọ mese.😀","sarcastic","BBC News","original"
"289","Àgbà òǹkọ̀wé Nàìjíríà, Wole Soyinka ní àwọn ọmọ ogun ilẹ̀ àti òfurufú tí Ààrẹ Tinubu rán lọ sí orílẹ̀ èdè Benin kọ́ ló yẹ kó rán, pé Seyi Tinubu lásán ti tó.","Agba onkowe Naijiria, Wole Soyinka ni awon omo ogun ile ati ofurufu ti Aare Tinubu ran lo si orile ede Benin ko lo ye ko ran, pe Seyi Tinubu lasan ti to.","Agbà oǹkọ̀wé Naìjiría, Wole Soyinka ní àwọn omọ ogun ile ati òfurufú tí Àare Tinubu rán lọ sí orílẹ̀ edè Benin kó ló yẹ ko rán, pé Seyi Tinubu lasán ti tó.","Àgba òǹkòwe Naijíria, Wole Soyinka ni àwon omo ogun ilè àti òfurufu ti Ààre Tinubu rán lọ si orilẹ ède Benin kọ ló yẹ ko rán, pé Seyi Tinubu lasan ti tó.","Agbà oǹkowe Naijiría, Wole Soyinka ni awon omo ogun ilẹ ati ofurufu tí Aare Tinubu ran lo si orilè ède Benin ko lo ye ko ran, pé Seyi Tinubu lásan ti to.","sarcastic","BBC News","original"
"290","Ẹ̀yin ti Chelsea, ṣé ẹ fẹ́ pa orúkọ dá sí Anakaye FC ni?","Eyin ti Chelsea, se e fe pa oruko da si Anakaye FC ni?","Ẹyin ti Chelsea, ṣé ẹ fe pa orúkọ da sí Anakaye FC ni?","Èyin ti Chelsea, sé ẹ fẹ pa oruko da sí Anakaye FC ni?","Èyin ti Chelsea, se e fe pa oruko da si Anakaye FC ni?","sarcastic","BBC News","original"
"291","Sheikh Gumi ní káàkiri àgbáyé ni wọ́n ti máa ń bá àwọn agbébọn jíròrò láti dènà ìtàjẹ̀sílẹ̀.","Sheikh Gumi ni kaakiri agbaye ni won ti maa n ba awon agbebon jiroro lati dena itajesile.","Sheikh Gumi ni káàkiri àgbayé ni won ti máa ń bá àwọn agbébọn jíròrò lati dènà ìtajẹsílẹ̀.","Sheikh Gumi ní káàkiri àgbaye ni wọn ti máa n ba àwon agbebọn jírorò láti dènà ìtajẹsile.","Sheikh Gumi ni káakiri àgbáye ni wón ti maa ń ba awon agbebon jiroro lati dènà ìtajesílè.","non-sarcastic","BBC News","original"
"292","Leeds United ló kọ́kọ́ dá ṣèríà fún Chelsea, kí Atalanta tó f'ọba leè ní ìdíje UEFA Champions League.","Leeds United lo koko da seria fun Chelsea, ki Atalanta to f'oba lee ni idije UEFA Champions League.","Leeds United ló kọ́kọ dá ṣèríà fun Chelsea, kí Atalanta tó f'ọba leè ní idíje UEFA Champions League.","Leeds United ló kọko da ṣèria fun Chelsea, kí Atalanta to f'ọba lee ní ìdije UEFA Champions League.","Leeds United ló kọkọ dá seria fún Chelsea, ki Atalanta to f'ọba lee ni idíje UEFA Champions League.","sarcastic","BBC News","original"
"293","Olúwa tó yí orúkọ Ábráhámù àti Jákọ́bù padà, yi o báwa yí orúkọ Arsenal tí 'BBC News Yoruba' ti sọ di 'Oriogbade' padà sí 'Oriade' 🙏","Oluwa to yi oruko Abrahamu ati Jakobu pada, yi o bawa yi oruko Arsenal ti 'BBC News Yoruba' ti so di 'Oriogbade' pada si 'Oriade' 🙏","Olúwa tó yí orúko Ábráhámù àti Jákọbu padà, yi o báwa yi orukọ Arsenal ti 'BBC News Yoruba' ti sọ di 'Oriogbade' pada sí 'Oriade' 🙏","Oluwa tó yí orúkọ Ábrahamu ati Jákọ́bù padà, yi o báwa yi orúkọ Arsenal ti 'BBC News Yoruba' ti so di 'Oriogbade' padà sí 'Oriade' 🙏","Oluwa to yi oruko Abrahamu ati Jakọ́bu pada, yi o bawa yi oruko Arsenal ti 'BBC News Yoruba' ti so di 'Oriogbade' pada si 'Oriade' 🙏","sarcastic","Facebook","original"
"294","Ayé ò! Atalanta lagi mọ́ Chelsea lórí láwọlé sùn, fa aṣọ iyì ya mọ́ Aníyìkáyé FC lára.","Aye o! Atalanta lagi mo Chelsea lori lawole sun, fa aso iyi ya mo Aniyikaye FC lara.","Ayé ò! Atalanta lagi mọ́ Chelsea lórí lawọlé sùn, fa aṣọ iyì ya mọ́ Aniyikáyé FC lára.","Ayé o! Atalanta lagi mọ Chelsea lori lawọlé sun, fa aso iyì ya mọ Aníyìkaye FC lára.","Aye ò! Atalanta lagi mo Chelsea lorí lawole sun, fa aso iyi ya mo Aniyìkayé FC lára.","sarcastic","BBC News","original"
"295","Seyi Tinubu ló yẹ kí Aàre rán lọ ṣe ìdádúró ìdìtẹ̀gbàjọba ní orílè-èdè Benin nítorí àwọn ẹ̀ṣọ́ ààbò tó máa n tẹ̀lẹ kò níye.","Seyi Tinubu lo ye ki Aare ran lo se idaduro iditegbajoba ni orile-ede Benin nitori awon eso aabo to maa n tele ko niye.","Seyi Tinubu ló yẹ kí Aàre ran lọ ṣe ìdádúró ìdìtẹ̀gbajoba ní orílè-èdè Benin nítori àwọn ẹ̀ṣọ aàbò tó maa n tẹ̀le kò niye.","Seyi Tinubu lo yẹ kí Aare rán lo ṣe ìdádúro ìdìtẹ̀gbajọba ní oríle-èdè Benin nitori àwon eṣó ààbò to maa n tẹlẹ ko níye.","Seyi Tinubu lo ye kí Aare ran lọ se ìdaduro idìtegbàjọba ni orile-ede Benin nítori awon eso àabo tó máa n tèle kò niye.","sarcastic","BBC News","original"
"296","Wọ́n npe ibìkan ní Ìyágànkú ní Ìbàdàn. Ilé Manchester United nìyẹn, nítorí ìyá ti gan kú síwọn lára","Won npe ibikan ni Iyaganku ni Ibadan. Ile Manchester United niyen, nitori iya ti gan ku siwon lara","Won npe ibìkan ni Ìyágànkú ní Ìbàdàn. Ilé Manchester United nìyẹn, nítorí ìyá ti gan ku síwọn lára","Wọn npe ibìkan ni Ìyaganku ní Ìbàdan. Ilé Manchester United nìyẹn, nítorí iya ti gan kú siwon lara","Won npe ibikan ni Iyaganku ni Ibadàn. Ile Manchester United niyen, nitori ìya ti gan ku siwọn lara","sarcastic","Facebook","original"
"297","Ọlọ́tẹ̀ ni BBC Yorùbá, nítorí Man City tó kó mẹ́wàá fúnyàn lánàá, níbo ní àwọ́n kò góòlù tiwọn sí nígbà tí wọ́n kojúú Brighton","Olote ni BBC Yoruba, nitori Man City to ko mewaa funyan lanaa, nibo ni awon ko goolu tiwon si nigba ti won kojuu Brighton","Olóte ni BBC Yorùba, nítorí Man City tó kó mẹwàá fúnyàn lánaa, níbo ní àwọ́n kò góòlù tiwọn sí nígbà tí wón kojúu Brighton","Ọlotè ni BBC Yorubá, nítori Man City to ko mẹ́wàa fúnyan lánàá, nibo ní àwon ko goolu tiwọn si nigbà ti won kojúú Brighton","Ọlotẹ ni BBC Yoruba, nítorí Man City to ko méwaa fúnyan lanaa, nibo ni awon kò goolu tiwon si nigba ti won kojúu Brighton","sarcastic","Facebook","original"
"298","Ìgbájú ìgbámú ni kẹríkẹrì bá tòdee bọ̀, Manchester United, ọwọ́ ba kórópọ̀n yín méjèèjì.","Igbaju igbamu ni kerikeri ba todee bo, Manchester United, owo ba koropon yin mejeeji.","Ìgbájú igbámú ni keríkẹrì bá tòdee bò, Manchester United, owọ ba kórópọ̀n yín mejeèji.","Igbaju igbamu ni kerikeri bá todee bo, Manchester United, ọwọ ba korópon yin mejèejì.","Ìgbaju ìgbámú ni kẹrikẹri ba tòdee bo, Manchester United, owó ba kórópon yin mejeèji.","sarcastic","BBC News","original"
"299","Báyé bá njáyé, bí Paul Biya bá ṣì wà lórí oyè ni Cameroon, ọ̀rọ̀ bí ìyà bí ìyà kò tíì lè tán nínú ayé Manchester United","Baye ba njaye, bi Paul Biya ba si wa lori oye ni Cameroon, oro bi iya bi iya ko tii le tan ninu aye Manchester United","Báye bá njáyé, bi Paul Biya bá ṣì wa lórí oyè ni Cameroon, ọ̀rò bí iya bí ìya kò tíi lè tan nínú ayé Manchester United","Báye bá njáye, bi Paul Biya bá sì wà lori oye ni Cameroon, ọrò bi iya bí iya kò tiì le tan ninú ayé Manchester United","Baye ba njayé, bi Paul Biya ba si wa lori oye ni Cameroon, oro bí ìyà bi iyà ko tii le tan ninu aye Manchester United","sarcastic","BBC News","original"
"300","Òjò ẹ̀sín àti ìyà tún rọ̀ lé Anfaani Adugbo, ìyẹn Manchester United, lórí lẹ́yìn tí wọ́n lè Amori lọ","Ojo esin ati iya tun ro le Anfaani Adugbo, iyen Manchester United, lori leyin ti won le Amori lo","Òjò ẹ̀sín àti ìyà tún rò lé Anfaani Adugbo, iyen Manchester United, lóri lẹyìn ti wón lè Amori lọ","Ojo esin ati iya tun ro le Anfaani Adugbo, iyen Manchester United, lórí lẹyin tí wọ́n le Amori lo","Ojo ẹsin ati iya tún rọ̀ le Anfaani Adugbo, iyen Manchester United, lóri leyin ti won le Amori lo","sarcastic","BBC News","original"
"301","Arsenal, Oriogbade FC, ṣìrìn nílé Aston Villa, àánú ìkúnlẹ́ abiyamọ ṣe wá nígbà tí ìfẹsẹ̀wọnsẹ̀ parí","Arsenal, Oriogbade FC, sirin nile Aston Villa, aanu ikunle abiyamo se wa nigba ti ifesewonse pari","Arsenal, Oriogbade FC, ṣirin nilé Aston Villa, àánú ìkunlé abiyamọ se wá nígba ti ìfẹsẹ̀wọnsè parí","Arsenal, Oriogbade FC, sirìn níle Aston Villa, àánú ìkunlẹ́ abiyamo se wa nigbà ti ìfẹsẹwonsè pari","Arsenal, Oriogbade FC, ṣirin nilé Aston Villa, aanu ikunle abiyamọ se wa nigba ti ìfesewọnse pari","sarcastic","BBC News","original"
"302","Eré orí igi ló bá dé fún Erinlákátabú FC, iyen Arsenal, lẹ́yìn tí wọ́n kó igi bo orí Burnley.","Ere ori igi lo ba de fun Erinlakatabu FC, iyen Arsenal, leyin ti won ko igi bo ori Burnley.","Eré ori igi ló ba de fún Erinlákátabu FC, iyen Arsenal, léyìn tí wọ́n kó igi bo orí Burnley.","Ere orí igi lo bá dé fun Erinlakátabú FC, iyen Arsenal, léyin tí won ko igi bo orí Burnley.","Ere ori igi lo ba de fún Erinlakátabu FC, iyen Arsenal, léyin ti wọn kó igi bo ori Burnley.","sarcastic","BBC News","original"
"303","Erin lákátabú Oriogbade FC, ìyẹn Arsenal ti gòkè àlọ, Fulham ni wọ́n fi ṣe ìrúbọ àti gori tábìlì EPL.","Erin lakatabu Oriogbade FC, iyen Arsenal ti goke alo, Fulham ni won fi se irubo ati gori tabili EPL.","Erin lákátabú Oriogbade FC, ìyẹn Arsenal ti gòke àlo, Fulham ni wọ́n fi ṣe ìrúbọ àti gori tábìlì EPL.","Erin lakátabu Oriogbade FC, ìyẹn Arsenal ti gokè alọ, Fulham ni wọ́n fi ṣe ìrúbọ àti gori tabìlì EPL.","Erin lakatabu Oriogbade FC, iyen Arsenal ti gòke àlo, Fulham ni wọ́n fi se irubo ati gori tábili EPL.","sarcastic","BBC News","original"
"304","Ọmọ inú ọká ní ṣekúpa ọká,  Danny Welbeck tó ti gbá bọ́ọ̀lù rí fún Man United náà ló dá iyẹ̀pẹ̀ sí gaàrí wọn.","Omo inu oka ni sekupa oka,  Danny Welbeck to ti gba boolu ri fun Man United naa lo da iyepe si gaari won.","Ọmọ inú ọká ní ṣekúpa ọká,  Danny Welbeck to ti gba bọọ̀lù rí fun Man United naà ló dá iyẹ̀pẹ̀ si gaàrí wọn.","Omọ inú ọká ni sekúpa ọka,  Danny Welbeck tó ti gbá boòlù ri fún Man United náa lo dá iyẹ̀pẹ si gaàrí wọn.","Omo inú oka ni sekupa ọka,  Danny Welbeck to ti gba bọọlu ri fun Man United naà lo da iyepè sí gaarí won.","sarcastic","BBC News","original"
"305","Ẹ yéé fi Wizkid wé Fẹlá mọ, ọ̀rọ̀ àbùkù àti agọ̀ ni, Seun Kuti yarí","E yee fi Wizkid we Fela mo, oro abuku ati ago ni, Seun Kuti yari","Ẹ yeé fi Wizkid wé Fẹla mo, ọ̀rọ̀ àbukù àti agọ̀ ni, Seun Kuti yarí","E yéé fi Wizkid we Fẹlá mo, orọ àbùkù ati agọ̀ ni, Seun Kuti yarí","Ẹ yee fi Wizkid wé Fela mo, ọrọ abukù ati ago ni, Seun Kuti yari","sarcastic","BBC News","original"
"306","Pìtìpìtì ayé bá Portsmouth! Martinelli kanra ti Liverpool mọ́ wọn, fi wọ́n ṣe àsun ìrọ̀lẹ ọjó ìsinmi fáwọn olólùfẹ́ Oriogbade, ìyẹn Arsenal.","Pitipiti aye ba Portsmouth! Martinelli kanra ti Liverpool mo won, fi won se asun irole ojo isinmi fawon ololufe Oriogbade, iyen Arsenal.","Pitìpìtì aye bá Portsmouth! Martinelli kanra ti Liverpool mó wọn, fi wọ́n ṣe àsun ìrọ̀lẹ ọjo ìsinmi fawọn olólufẹ Oriogbade, iyẹn Arsenal.","Pitìpitì ayé bá Portsmouth! Martinelli kanra ti Liverpool mó won, fi won se àsun ìròle ojó isinmi fáwọn ololufé Oriogbade, ìyẹn Arsenal.","Pitipìti aye ba Portsmouth! Martinelli kanra ti Liverpool mo won, fi won se asun irọle ojo isinmi fáwon ololufe Oriogbade, ìyen Arsenal.","sarcastic","BBC News","original"
"307","Ewúrẹ́ Algeria binú, fẹsẹ̀ halẹ̀, àjẹkún ìyà ni wọ́n fi jẹ lọ́wọ Super Eagles Nàìjíríà.","Ewure Algeria binu, fese hale, ajekun iya ni won fi je lowo Super Eagles Naijiria.","Ewúrẹ́ Algeria binú, fẹsẹ halẹ, àjẹkún ìyà ni wọ́n fi je lọ́wọ Super Eagles Naìjíríà.","Ewurẹ́ Algeria binú, fẹsè halẹ̀, àjekún iya ni won fi je lówọ Super Eagles Naijirià.","Ewure Algeria binu, fesẹ̀ hale, ajekún ìya ni wọ́n fi je lowo Super Eagles Naìjíria.","sarcastic","BBC News","original"
"308","E yé sọ̀rọ̀ òdì sí orílẹ̀-èdè Nàìjíríà mọ́, dípò béẹ̀, ẹ máa ṣadúrà ni","E ye soro odi si orile-ede Naijiria mo, dipo bee, e maa sadura ni","E ye sọ̀rọ òdì sí orílẹ-ède Nàìjiría mọ́, dípò béè, e máa ṣadúrà ni","E yé sọ̀ro òdì si orílẹ̀-ède Naìjírià mọ́, dipò béẹ, ẹ máa sadúra ni","E yé sọro odi si orile-ede Naijíria mo, dipo bee, ẹ máa ṣadúra ni","sarcastic","BBC News","original"
"309","Ríi dájú pé èso rere lò n gbìn ní gbogbo ibi tó o bá dé, àṣesilẹ̀, kò sí bó ṣe le wù kó pé tó, o máa ká gbogbo ohun to bá gbìn lọ́jó kan.","Rii daju pe eso rere lo n gbin ni gbogbo ibi to o ba de, asesile, ko si bo se le wu ko pe to, o maa ka gbogbo ohun to ba gbin lojo kan.","Ríi dájú pé èso rere lò n gbìn ní gbogbo ibi tó o ba dé, àṣesilẹ̀, kò sí bó ṣe le wù kó pé tó, o máa ká gbogbo ohun to ba gbìn lọjó kan.","Rii daju pe èso rere lo n gbin ni gbogbo ibi tó o ba de, aṣesilè, ko sí bó se le wu kó pé to, o maa ka gbogbo ohun to bá gbin lọ́jó kan.","Rii daju pé eso rere lo n gbìn ní gbogbo ibi tó o ba dé, àṣesile, ko si bo se le wu kó pe tó, o maa ka gbogbo ohun to ba gbìn lojo kan.","non-sarcastic","BBC News","original"
"310","Ṣé òkè ténté tábìlì ni oríògbadé FC yóò bá wọ ọdún 2026, àbí wọn yóò já gẹ́gẹ́bí ìṣe wọn?","Se oke tente tabili ni oriogbade FC yoo ba wo odun 2026, abi won yoo ja gegebi ise won?","Ṣé òke tenté tabìlì ni oríògbadé FC yoo ba wọ ọdun 2026, àbí wọn yóò ja gẹgẹ́bí ìse won?","Ṣé òkè ténte tábìlì ni oriogbade FC yóò ba wọ odún 2026, àbí wọn yoò ja gegẹbí ìse won?","Se òke tente tabilì ni oríògbade FC yoò ba wọ odun 2026, abi wọn yoò ja gegébi ìse wọn?","sarcastic","BBC News","original"
"311","Njẹ́ ọkọ̀ Chelsea tí kò ní dẹ́rẹ́bà yìí lè borí Man City, àbí àpò ni wọn yóò fi kó òdo lọ sílé?","Nje oko Chelsea ti ko ni dereba yii le bori Man City, abi apo ni won yoo fi ko odo lo sile?","Njẹ́ ọkọ̀ Chelsea ti kò ni dẹ́rẹ́ba yìi lè borí Man City, abí àpò ni won yóò fi kó òdo lọ sílé?","Nje okọ Chelsea ti ko ni dẹrẹ́ba yii le bori Man City, àbí apò ni won yóo fi kó odo lo síle?","Njẹ́ oko Chelsea tí kò ní déreba yii lè borí Man City, àbí apo ni won yoò fi ko odo lo sile?","sarcastic","BBC News","original"
"312","Wọ́n fiọ́ j'Ọba o tún nṣ'àwúre; ṣé o fẹ́ di Elédùmarè ni🤷‍♂️","Won fio j'Oba o tun ns'awure; se o fe di Eledumare ni🤷‍♂","Wọ́n fiọ́ j'Oba o tún nṣ'àwure; sé o fẹ́ di Elédùmarè ni🤷‍♂","Wọn fio j'Oba o tun ns'awure; ṣé o fẹ di Elédùmarè ni🤷‍♂","Won fio j'Oba o tun ns'awúre; sé o fe di Eledumare ni🤷‍♂","sarcastic","Facebook","original"
"313","Màlúù tí kò nírù Chelsea takú sọ́rùn Man City pé kò sí àyè láti fibẹ̀ ṣe ilé eṣinṣin","Maluu ti ko niru Chelsea taku sorun Man City pe ko si aye lati fibe se ile esinsin","Màlúù ti kò níru Chelsea takú sọ́run Man City pé ko sí ayè lati fibe se ilé eṣinṣin","Màlúù ti ko níru Chelsea takú sórun Man City pe ko si ayè láti fibè se ilé esinṣin","Maluu ti kò nirù Chelsea taku sorun Man City pe ko si aye lati fibẹ se ile esinsin","sarcastic","BBC News","original"
"314","Njẹ́ ọkọ̀ Chelsea tí kò ní dẹ́rẹ́bà yìí lè borí Man City, àbí àpò ni wọn yóò fi kó òdo lọ sílé?","Nje oko Chelsea ti ko ni dereba yii le bori Man City, abi apo ni won yoo fi ko odo lo sile?","Nje ọkọ̀ Chelsea ti kò ní dẹ́rẹbà yìí lè borí Man City, àbi àpò ni wọn yóò fi kó òdo lọ sílé?","Njẹ́ ọkò Chelsea tí kò ni deréba yii lè bori Man City, abí apò ni won yoò fi kó òdo lọ sile?","Njé okò Chelsea ti ko ní dẹ́rẹba yii le bori Man City, abi àpò ni won yóo fi ko odo lọ síle?","sarcastic","BBC News","original"
"315","Ànfààní Adúgbò, ìyẹn Manchester United, ti fọwọ́ òsì júwe ilé fún Ruben Amorim pé kó máa lọ","Anfaani Adugbo, iyen Manchester United, ti fowo osi juwe ile fun Ruben Amorim pe ko maa lo","Ànfaaní Adugbò, ìyẹn Manchester United, ti fọwọ́ osì júwe ilé fún Ruben Amorim pé kó máa lo","Ànfaàni Adugbò, ìyẹn Manchester United, ti fọwọ osì júwe ilé fun Ruben Amorim pé kó maa lo","Anfaàni Adugbo, iyẹn Manchester United, ti fowo osi juwe ile fun Ruben Amorim pe ko maa lo","sarcastic","BBC News","original"
"316","Arsenal Oriogbade bínú tán, pàwọn ọlọ́tẹ̀ lẹ́nu mọ́, àlùdákú ni wọ́n lu Club Brugge mọ́lé.","Arsenal Oriogbade binu tan, pawon olote lenu mo, aludaku ni won lu Club Brugge mole.","Arsenal Oriogbade bínú tán, pawọn ọlọtẹ̀ lẹ́nu mọ́, àlùdákú ni won lu Club Brugge mólé.","Arsenal Oriogbade bínú tan, pawọn ọlọ́tè lẹnu mo, àludáku ni wọn lu Club Brugge móle.","Arsenal Oriogbade bínu tan, pàwon olote lẹnu mo, aludakú ni won lu Club Brugge mole.","sarcastic","BBC News","original"
"317","Ayé ò! Atalanta lagi mọ́ Chelsea lórí láwọlé sùn, fa aṣọ iyì ya mọ́ Aníyìkáyé FC lára.","Aye o! Atalanta lagi mo Chelsea lori lawole sun, fa aso iyi ya mo Aniyikaye FC lara.","Aye ò! Atalanta lagi mọ́ Chelsea lórí láwọle sun, fa aṣọ iyi ya mó Aníyìkáyé FC lara.","Aye ò! Atalanta lagi mó Chelsea lorí láwọlé sun, fa aṣo iyì ya mọ́ Aniyikáyé FC lara.","Ayé ò! Atalanta lagi mo Chelsea lori lawole sun, fa aṣo iyì ya mọ Aníyikayé FC lara.","sarcastic","BBC News","original"
"318","Olúwa tó yí orúkọ Ábráhámù àti Jákọ́bù padà, yi o báwa yí orúkọ Arsenal tí 'BBC News Yoruba' ti sọ di 'Oriogbade' padà sí 'Oriade' 🙏","Oluwa to yi oruko Abrahamu ati Jakobu pada, yi o bawa yi oruko Arsenal ti 'BBC News Yoruba' ti so di 'Oriogbade' pada si 'Oriade' 🙏","Olúwa to yí oruko Ábráhámù ati Jakọ́bu padà, yi o báwa yí oruko Arsenal ti 'BBC News Yoruba' ti sọ di 'Oriogbade' padà sí 'Oriade' 🙏","Oluwa to yí orúkọ Ábrahámu ati Jakọbù pada, yi o báwa yi orúko Arsenal tí 'BBC News Yoruba' ti so di 'Oriogbade' padà si 'Oriade' 🙏","Oluwa to yi orúko Abráhamu ati Jakobu pada, yi o bawa yi orukọ Arsenal ti 'BBC News Yoruba' ti so di 'Oriogbade' pada si 'Oriade' 🙏","sarcastic","BBC News","original"
"319","Alvaro Arbeloa tó jẹ́ akẹgbẹ́ Xabi Alonso tẹ́lẹ̀ ní ẹgbẹ́ agbábọ́ọ̀lù Liverpool ni akọ́nimọ̀ọ́gbá tuntun Real Madrid báyìí.","Alvaro Arbeloa to je akegbe Xabi Alonso tele ni egbe agbaboolu Liverpool ni akonimoogba tuntun Real Madrid bayii.","Alvaro Arbeloa tó jẹ́ akẹgbẹ́ Xabi Alonso tẹ́lẹ̀ ní ẹgbẹ́ agbábọòlù Liverpool ni akọ́nimọ̀ógbá tuntun Real Madrid báyìi.","Alvaro Arbeloa tó je akegbẹ Xabi Alonso telẹ ní egbẹ́ agbabọọ̀lù Liverpool ni akonimòógbá tuntun Real Madrid bayìí.","Alvaro Arbeloa to je akẹgbẹ Xabi Alonso tele ni egbé agbaboolu Liverpool ni akonimọogba tuntun Real Madrid bayii.","non-sarcastic","BBC News","original"
"320","Egbìnrìn ọ̀tè, bí a ti ńpa kan ni ọ̀kan ńrú.","Egbinrin ote, bi a ti npa kan ni okan nru.","Egbìnrìn ọtè, bí a ti ńpa kan ni ọ̀kan nrú.","Egbìnrin ọ̀tè, bi a ti ńpa kan ni ọ̀kan nrú.","Egbinrin ọte, bí a ti npa kan ni okan nru.","non-sarcastic","BBC News","original"
"321","Aya Ààrẹ ilẹ̀ wa sọ̀rọ̀ yìí lójú òpó Facebook rẹ̀, pẹ̀lú àlàyé pé àdúrà àti ọ̀rọ̀ rere ló yẹ Naijiria, ọ̀rọ̀ burúkú kọ́.","Aya Aare ile wa soro yii loju opo Facebook re, pelu alaye pe adura ati oro rere lo ye Naijiria, oro buruku ko.","Aya Àarẹ ilẹ̀ wa sọ̀rọ̀ yìi lójú opó Facebook rẹ̀, pẹ̀lú alaye pé àdúra ati ọ̀rọ̀ rere lo yẹ Naijiria, ọ̀ro burukú kọ́.","Aya Aàre ilẹ̀ wa sòrọ̀ yìí lóju òpó Facebook rè, pẹ̀lú alàyé pe adúrà ati oro rere lo yẹ Naijiria, òro buruku kó.","Aya Aare ile wa soro yii lóju opó Facebook rè, pèlu alaye pé adura ati oro rere lo yẹ Naijiria, oro burukú kọ.","non-sarcastic","BBC News","original"
"322","Àmọ̀rí kọ́ ni ìṣòro ẹgbẹ́ agbábọ́ọ̀lù Manchester United. Ẹ̀san òjóóró tí wọ́n ṣe nígbà tí Alex Ferguson jẹ́ Kóòsì wọn ló ń ké lórí wọn. Bí wọ́n ò bá múra, wọ́n máa religéètì gbẹ̀yìn..","Amori ko ni isoro egbe agbaboolu Manchester United. Esan ojooro ti won se nigba ti Alex Ferguson je Koosi won lo n ke lori won. Bi won o ba mura, won maa religeeti gbeyin..","Àmọ̀ri kó ni iṣoro egbẹ́ agbáboòlù Manchester United. Èsan ojoóró tí wọ́n ṣe nígba tí Alex Ferguson je Koòsì wọn ló ń ké lori wọn. Bí wọ́n o ba mura, wọn maa religéètì gbẹ̀yìn..","Amorí kó ni ìsòro egbé agbabọọlu Manchester United. Èsan ojóoro tí wón se nígbà tí Alex Ferguson jẹ Koòsì wọn lo n ké lóri wọn. Bí won o bá múra, wón maa religeèti gbẹ̀yìn..","Amọri ko ni isòro egbé agbaboolu Manchester United. Esan ojooro ti wón se nigba ti Alex Ferguson je Koosi won lo n ké lori won. Bi wọn o ba mura, won maa religeetì gbeyìn..","sarcastic","BBC News","original"
"323","Erin lákátabú Oriogbade FC, ìyẹn Arsenal, kí ojú aláṣejù Crystal Palace bọ omi gbígbóná láti jókòó rẹ̀pẹ̀tẹ̀ sórí tábìlì EPL.","Erin lakatabu Oriogbade FC, iyen Arsenal, ki oju alaseju Crystal Palace bo omi gbigbona lati jokoo repete sori tabili EPL.","Erin lakatabú Oriogbade FC, iyẹn Arsenal, kí ojú aláṣejù Crystal Palace bo omi gbígbóná lati jókoó rẹ̀pẹ̀tè sori tábìlì EPL.","Erin lákatabu Oriogbade FC, iyen Arsenal, kí ojú alásejù Crystal Palace bo omi gbígbona láti jókoó rẹpẹ̀tẹ sori tabilì EPL.","Erin lakatabú Oriogbade FC, iyen Arsenal, ki oju alaseju Crystal Palace bo omi gbigbona láti jokoo repete sori tábilì EPL.","sarcastic","BBC News","original"
"324","Ṣé ọ̀rọ̀ yìí kò ti di ẹni a lè mú làá lẹ̀dí mọ́ báyìí? Níbo ni Oriogbade, ìyẹn Arsenal, fi gbogbo góòlù yìí sí nígbà tí wọ́n kojú Liverpool?","Se oro yii ko ti di eni a le mu laa ledi mo bayii? Nibo ni Oriogbade, iyen Arsenal, fi gbogbo goolu yii si nigba ti won koju Liverpool?","Ṣe ọ̀rọ̀ yìi kò ti di ẹni a lè mú làá lẹ̀di mọ́ báyìí? Níbo ni Oriogbade, ìyẹn Arsenal, fi gbogbo góòlu yìí si nígbà tí wọn koju Liverpool?","Sé orọ̀ yií ko ti di eni a lè mu laá lẹ̀dí mọ bayii? Níbo ni Oriogbade, iyẹn Arsenal, fi gbogbo góòlù yìí si nigba tí wọn kojú Liverpool?","Se orọ yìi ko ti di eni a le mu laá ledí mọ́ bayií? Níbo ni Oriogbade, iyen Arsenal, fi gbogbo goòlu yií si nigba ti wón koju Liverpool?","sarcastic","BBC News","original"
"325","Ọdún dé, ọdún jọ, ọdún jọ, ọdún dé, ọdún jọ, ọdún jọ o, ará ẹ bá mi yọ̀, ọdún dé o.","Odun de, odun jo, odun jo, odun de, odun jo, odun jo o, ara e ba mi yo, odun de o.","Odún dé, ọdún jọ, ọdún jo, ọdun dé, ọdún jọ, odún jo o, ará ẹ ba mi yọ̀, ọdún dé o.","Odún de, ọdun jo, odún jo, ọdun dé, ọdun jo, odún jo o, ara e bá mi yò, ọdún de o.","Odun de, odun jo, odun jo, ọdun de, odun jọ, odun jo o, ara e ba mi yò, odún de o.","non-sarcastic","X","original"
"326","Ẹ gbẹ̀mí ẹni tó bá sùn, nítorí ẹni tó bá sùn kò níí sún","E gbemi eni to ba sun, nitori eni to ba sun ko nii sun","Ẹ gbemí ẹni tó bá sùn, nitorí ẹni to ba sùn kò níí sún","Ẹ gbèmí eni to bá sùn, nitori ẹni tó ba sùn kò nií sun","E gbẹmí eni to ba sun, nitori eni to ba sùn ko nii sun","sarcastic","Instagram","original"
"327","Tí onílé rẹ bá nṣe ìgbéraga sí ẹ, kí o lọ jalè láti rí owó kọ́ ilé tiẹ. Bí o tilẹ̀ jẹ́ wípé wọ́n lè mú ẹ tí o bá ti lọ jalè náà, yóò dójú tí onílé rẹ.","Ti onile re ba nse igberaga si e, ki o lo jale lati ri owo ko ile tie. Bi o tile je wipe won le mu e ti o ba ti lo jale naa, yoo doju ti onile re.","Tí oníle rẹ bá nṣe ìgbéraga sí ẹ, kí o lo jalè láti rí owó kọ́ ilé tie. Bí o tilẹ jé wípé wón le mú e ti o bá ti lọ jalè naà, yóò dójú tí onílé rẹ.","Ti onílé rẹ bá nṣe ìgbéraga si e, kí o lo jalè lati ri owo kọ́ ile tiẹ. Bi o tilẹ jẹ wipé won lè mú e tí o bá ti lọ jale náà, yóo dóju ti oníle re.","Ti onile re ba nṣe igberaga si e, ki o lọ jale lati ri owo ko ile tiẹ. Bí o tilè jẹ wipe won lè mu e ti o ba ti lo jale naà, yoo dojú ti onile rẹ.","sarcastic","Instagram","original"
"328","Dípò kí o ṣègbéyàwó, o lè bẹ̀rẹ̀ síí ṣe aṣẹ́wó nítorí pé o lè rí owó púpọ̀ gbà lọ́wọ́ ìbálòpọ̀ tí ìwọ ì bá ti fún ọkọ rẹ lọ́fẹ̀ẹ́. Bótilẹ̀jẹ́pẹ́ abẹ́ rẹ lè gbóná gaan.","Dipo ki o segbeyawo, o le bere sii se asewo nitori pe o le ri owo pupo gba lowo ibalopo ti iwo i ba ti fun oko re lofee. Botilejepe abe re le gbona gaan.","Dipò kí o sègbéyawó, o lè bẹ̀rẹ̀ síí se asẹ́wó nítori pé o le rí owó púpọ̀ gbà lọwó ìbálòpọ̀ ti iwọ ì bá ti fún ọkọ re lófeé. Bótilèjepẹ́ abẹ rẹ lè gboná gaan.","Dipo kí o ṣegbéyàwo, o lè bẹ̀re síi ṣe aṣẹ́wo nitorí pé o le rí owó pupò gba lowó ibálòpo tí iwọ i bá ti fun ọkọ rẹ lofẹ̀ẹ. Botilèjẹpé abe re lè gbóna gaan.","Dípo ki o ṣegbéyawo, o le berè síi ṣe asewo nitori pe o le ri owo pupò gba lowo ìbalopò ti iwo i ba ti fun oko re lofeẹ. Botilẹ̀jẹpẹ abẹ re le gboná gaan.","sarcastic","Instagram","original"
"329","Tí gbogbo àwọn ẹbíì rẹ bá ń retí pé kí o ṣoríire kí o lè bẹ̀rẹ̀ ìrànlọ́wọ́ fún wọn, ṣe oríibú kí o lè ṣe ìyàlẹ́nu fún wọn.","Ti gbogbo awon ebii re ba n reti pe ki o soriire ki o le bere iranlowo fun won, se oriibu ki o le se iyalenu fun won.","Ti gbogbo àwọn ẹbíi rẹ ba n retí pé ki o ṣoríire ki o lè bèrẹ ìrànlọ́wọ fun won, se oriibu kí o le ṣe iyàlẹnu fún wọn.","Tí gbogbo awọn ebíi rẹ ba n reti pé ki o ṣoriire kí o lè bere irànlówọ fun wọn, ṣe oríibú ki o lè ṣe ìyàlénu fún won.","Ti gbogbo àwon ebiì rẹ ba n retí pe ki o soriire ki o le bèrè iranlowo fun wọn, se oriibu ki o le se iyalenu fun wọn.","sarcastic","Instagram","original"
"330","Má ṣe fẹ́ ìyàwó tó máa fún ẹ ní Ìfọ̀kànbalẹ̀, nítorí Ìfọ̀kànbalẹ̀ díẹ̀, ogún diẹ la fí ngbé ilé ayé. ","Ma se fe iyawo to maa fun e ni Ifokanbale, nitori Ifokanbale die, ogun die la fi ngbe ile aye. ","Má ṣe fẹ ìyàwo tó máa fún ẹ ni Ìfọkànbalẹ̀, nítorí Ìfọ̀kànbalè diè, ogún diẹ la fi ngbé ilé ayé. ","Má ṣe fẹ́ iyàwo to máa fun ẹ ní Ìfọkànbale, nitorí Ifokànbalè diè, ogun die la fí ngbe ile aye. ","Ma se fe iyàwó to máa fun e ni Ifokànbale, nitori Ifọkanbale die, ogun die la fi ngbe ilé aye. ","sarcastic","Instagram","original"
"331","Tío bá fẹ́ ìyàwó tó sàn lórí, to bá yọ àdá, ìwọ náà á yọ ọ̀bẹ. Báyìí ní ìgbéyàwó yín yóò fi máa dùn, bótilẹ̀jẹ́pẹ́ ẹnìkan lè pa ẹnìkejì lọ́jọ́ kan","Tio ba fe iyawo to san lori, to ba yo ada, iwo naa a yo obe. Bayii ni igbeyawo yin yoo fi maa dun, botilejepe enikan le pa enikeji lojo kan","Tío bá fẹ́ ìyàwó to sàn lórí, to bá yọ adá, iwọ naa á yọ òbẹ. Báyii ní ìgbéyàwó yín yóò fi maa dùn, botilẹjẹ́pẹ ẹnikan lè pa enìkeji lọjọ́ kan","Tio bá fẹ iyawó tó san lórí, to bá yo adá, ìwọ naà á yọ ọ̀be. Bayìí ní igbeyàwo yin yóo fi maa dùn, botilejẹpé enìkan le pa enikeji lọ́jọ́ kan","Tio bá fé iyawo to sàn lori, to ba yo ada, iwo naa á yọ ọ̀be. Bayii ni igbeyawo yin yoo fi maa dun, botilejépe enikan le pa enikeji lojo kan","sarcastic","Instagram","original"
"332","Tí ìyàwó rẹ bá ń ṣe àgbèrè, kí ìwọ náà lọ ṣé àgbèrè ni. Bó tilẹ̀ jẹ́ pé ẹ̀yin méjèèjì lè kó ààrùn, ó sàn kí o kí ẹ kú papọ̀ kí o sì mọ̀ pé o ti gbẹ̀san.","Ti iyawo re ba n se agbere, ki iwo naa lo se agbere ni. Bo tile je pe eyin mejeeji le ko aarun, o san ki o ki e ku papo ki o si mo pe o ti gbesan.","Ti ìyàwo rẹ ba ń ṣe àgberè, kí ìwọ náà lo ṣé àgbère ni. Bó tilẹ̀ jẹ pé ẹ̀yin méjeèji lè kó aarun, ó san ki o ki ẹ ku papò ki o sì mo pé o ti gbẹ̀san.","Ti iyàwo rẹ bá ń ṣe àgbère, kí iwọ náa lọ se agberè ni. Bó tile je pe eyin méjèèjì le ko aarùn, ó sàn kí o ki e ku papọ ki o sì mọ̀ pé o ti gbesan.","Ti iyawo re bá n se agbere, ki iwọ naa lo se agbere ni. Bó tilẹ je pe eyin mejèeji lè ko aarùn, ó san ki o ki e ku papo ki o si mo pe o ti gbèsan.","sarcastic","Instagram","original"
"333","Má ṣe fi ìyàwó rẹ sílẹ̀ nítorí pé ó ń ṣe àgbèrè. Ó ṣeé ṣe kí ó jẹ́ ọ̀kan lára àwọn tí ó ń ṣẹ́ àgbèrè pẹ̀lú ní yóò ràn ọ́ lọ́wọ́ nígbẹ̀yìn-gbẹ́yín, bó tilẹ̀ jẹ́ pé o lè máa tọ́jú àkóràn.","Ma se fi iyawo re sile nitori pe o n se agbere. O see se ki o je okan lara awon ti o n se agbere pelu ni yoo ran o lowo nigbeyin-gbeyin, bo tile je pe o le maa toju akoran.","Má se fi ìyàwó re sílẹ̀ nitorí pé o ń ṣe àgbèrè. Ó ṣee ṣe kí o jé ọ̀kan lára àwon tí ó ń sẹ́ àgbère pẹ̀lu ní yoo ràn ó lọ́wó nigbèyìn-gbéyín, bó tilẹ̀ jé pé o lè máa tọ́jú àkóràn.","Má ṣe fi iyawó re silè nítorí pe ó ń ṣe agbèrè. O seé ṣe kí ó je ọkan lara àwọn ti o ń ṣẹ àgbère pẹ̀lu ní yoò ràn ọ́ lówọ́ nigbèyin-gbeyin, bó tile jẹ́ pe o le máa tójú akoràn.","Ma se fi iyawo re sile nitori pé ó n se agbère. O see se ki ó jẹ́ òkan lara awon ti ó n sẹ́ agbere pèlú ní yoo ran o lowó nigbeyin-gbéyin, bo tilẹ je pe o lè maa toju àkoran.","sarcastic","Instagram","original"
"334","Tí àwọn ẹbí bá ń béèrè owó lọ́wọ́ rẹ ju bó ṣe yẹ lọ, tí wọ́n sì ń gbèrò láti pa ọ́, jẹ́ kí wọ́n tẹ̀síwájú. Bó tilẹ̀ jẹ́ pé o máa di aláìní, ẹlẹ́dàá rẹ yóò fìyà jẹ wọ́n.","Ti awon ebi ba n beere owo lowo re ju bo se ye lo, ti won si n gbero lati pa o, je ki won tesiwaju. Bo tile je pe o maa di alaini, eledaa re yoo fiya je won.","Tí àwon ẹbí bá ń béèrè owó lọ́wọ́ re ju bo ṣe yẹ lọ, tí wọn sì n gbèro láti pa ọ́, jẹ́ kí wón tẹ̀siwájú. Bó tile jẹ́ pe o máa di aláìní, ẹlẹ́dàá rẹ yoò fìyà je wọ́n.","Ti àwon ẹbí bá ń beerè owó lowó rẹ ju bó se ye lọ, ti wọ́n sì ń gbèrò lati pa ó, jẹ ki wón tèsíwajú. Bo tile jẹ́ pe o maa di alaini, elẹdaá rẹ yoò fìyà jẹ won.","Ti awon ebi ba n beère owo lowo rẹ ju bo se yẹ lo, ti wón sì n gbero lati pa o, je ki wón tesíwáju. Bó tilẹ̀ jé pé o máa di aláini, ẹlẹdaa re yóo fiya jẹ won.","sarcastic","Instagram","original"
"335","Tí o bá ní ọ̀rẹ́bìnrin kan tí ó ń tì ọ́ lẹ́yìn nígbà tí o kò jẹ́ ọlọ́rọ̀, fi sílẹ̀ nígbàkúgbà tí o bá di ọlọ́rọ̀, kí ọ̀rẹ́bìnrin náà lè lọ ran ọkùnrin mìíràn tí kò tíì di ọlọ́rọ̀ lọ́wọ́.","Ti o ba ni orebinrin kan ti o n ti o leyin nigba ti o ko je oloro, fi sile nigbakugba ti o ba di oloro, ki orebinrin naa le lo ran okunrin miiran ti ko tii di oloro lowo.","Tí o bá ní òrẹ́bìnrin kan tí ó ń tì ọ́ lẹ́yìn nigbà tí o kò jẹ́ ọlọrọ̀, fi sílè nigbàkúgbà tí o bá di ọlọ́rọ̀, kí òrẹbinrin náà lè lọ ran okùnrin miíràn tí kò tíi di ọlọ́rọ̀ lọ́wọ́.","Ti o ba ni ọ̀rebìnrin kan ti ó ń ti o leyin nigbà tí o kò jẹ́ olorọ̀, fi sílẹ̀ nigbàkúgbà ti o bá di oloro, kí orẹbìnrin náa lè lọ ran okunrin mìíran tí kò tiì di ọloro lọ́wo.","Ti o ba ni orebinrin kan ti o n ti o léyìn nigba ti o ko je olorọ, fi síle nigbakúgbà ti o bá di olóro, ki orebinrin náa le lo ran ọkunrin mìiran ti ko tiì di olọro lowo.","sarcastic","Instagram","original"
"336","Tí ọ̀rẹ́kùnrin rẹ bá fẹ́ fi ọ́ sílẹ̀, o yẹ kí o pa ara rẹ kí o lè ba orúkọ rẹ̀ jẹ́. Èyí yóò kọ́ọ ní ẹ̀kọ́, bó tilẹ̀ jẹ́ pé  ìwọ́ á ti ṣòfò dànù.","Ti orekunrin re ba fe fi o sile, o ye ki o pa ara re ki o le ba oruko re je. Eyi yoo koo ni eko, bo tile je pe  iwo a ti sofo danu.","Tí òrékùnrin rẹ ba fẹ́ fi ọ́ sílẹ, o yẹ kí o pa ara re kí o lè ba orúkọ rè jẹ́. Eyí yóò kọ́o ní ẹkọ́, bo tilẹ̀ jẹ́ pé  ìwó á ti ṣòfò dànu.","Ti ọ̀rẹkùnrin re ba fẹ fi o sílẹ̀, o yẹ ki o pa ara re kí o le ba orúkọ rè jẹ. Eyi yoò kọọ ni ẹ̀kọ, bo tilẹ jẹ́ pe  ìwọ́ a ti ṣofo danù.","Ti orékunrin re ba fe fi o sile, o ye ki o pa ara re ki o lè ba orúko rè je. Eyi yóo kọo ní ekó, bó tile je pe  iwọ a ti ṣofò dànù.","sarcastic","Instagram","original"
"337","Tí ọmọbìnrin bá fi ọ́ sílẹ̀, ohun tó dára jù fún ọ ni kí o má ṣe tẹ̀síwájú, nítorí náà kò ní rò pé ó gbọ́n ju ọ lọ.","Ti omobinrin ba fi o sile, ohun to dara ju fun o ni ki o ma se tesiwaju, nitori naa ko ni ro pe o gbon ju o lo.","Tí omobìnrin bá fi ọ́ silẹ̀, ohun tó dára ju fun ọ ni kí o má ṣe tẹ̀siwájú, nitorí náa ko ní rò pe ó gbọ́n ju ọ lọ.","Ti omobinrin bá fi ọ sílè, ohun to dara jù fún ọ ni kí o má se tesiwaju, nitorí naa ko ní ro pé ó gbon ju o lo.","Ti omobinrin bá fi ó sile, ohun tó dara ju fún o ni ki o ma ṣe tèsiwaju, nitorí náa ko ni ro pe o gbon ju o lo.","sarcastic","Instagram","original"
"338","Tí ẹnìkan bá fẹ̀sùn kàn ọ́ pé o bá wọn pẹ̀lú ṣe adigunjalè, ohun tó dára jù ni pé kí o má ṣe sẹ́. Tí o bá sẹ́, tí wọ́n sì dá ọ sílẹ̀, àwọn ènìyàn kan yóò rò pé ẹ̀rù ń bà ọ́ láti ṣe ẹ̀wọ̀n ni.","Ti enikan ba fesun kan o pe o ba won pelu se adigunjale, ohun to dara ju ni pe ki o ma se se. Ti o ba se, ti won si da o sile, awon eniyan kan yoo ro pe eru n ba o lati se ewon ni.","Tí ẹnìkan bá fesùn kàn ọ́ pe o bá won pẹ̀lu ṣe adigunjalè, ohun to dara jù ni pé kí o ma ṣe sẹ́. Tí o ba sẹ́, tí wọ́n sì da ọ silẹ̀, àwọn ènìyàn kan yóò ro pe ẹ̀rù ń bà ọ láti ṣe ẹwọ̀n ni.","Ti ẹnikan bá fẹ̀sùn kàn ó pé o ba won pelú ṣe adigunjale, ohun to dara ju ni pe ki o má ṣe sẹ. Tí o ba sẹ́, tí wọn si dá o silè, awọn enìyàn kan yóo rò pe ẹ̀rù ń ba ó lati se ẹ̀won ni.","Ti enikan ba fẹsun kan ó pé o ba won pelú se adigunjalè, ohun to dára jù ni pe ki o má se se. Tí o ba sẹ, tí won si da ọ síle, awon eniyan kan yoò ro pe èru ń bà o lati ṣe ewon ni.","sarcastic","Instagram","original"
"339","Ọkùnrin mi, fi ara rẹ sílẹ̀ nígbàkúgbà tí o bá rẹ̀wẹ̀sì. Nígbà tí o bá juwọ́ sílẹ̀, ó dájú pé o máa di ẹrú, ṣùgbọ́n ó sàn ju gbígbé ẹrù ìdílé lọ.","Okunrin mi, fi ara re sile nigbakugba ti o ba rewesi. Nigba ti o ba juwo sile, o daju pe o maa di eru, sugbon o san ju gbigbe eru idile lo.","Ọkunrin mi, fi ara rẹ sílẹ̀ nigbakugba tí o bá rẹ̀wẹ̀sì. Nígbà tí o bá juwọ́ sílẹ̀, ó dájú pé o maa di ẹru, ṣùgbọ́n ó sàn ju gbígbé ẹrù ìdílé lo.","Ọkùnrin mi, fi ara re sílẹ nigbakúgba tí o ba rewẹsi. Nígbà ti o bá juwọ sílè, ó dajú pe o máa di erú, sugbón o san ju gbígbe eru idílé lo.","Okunrin mi, fi ara re sile nigbakugba ti o ba rewèsi. Nigbà tí o ba juwó sile, o daju pe o maa di eru, sugbón ó sàn ju gbigbe eru idilé lọ.","sarcastic","Instagram","original"
"340","Tí ọmọbìnrin bá fi ọ́ sílẹ̀, ohun tó dára jù fún ọ ni kí o pa ara rẹ. Ẹlẹ́dàá rẹ lè fìyà jẹ ẹ́, bó tilẹ̀ jẹ́ pé ìwọ á ti kú.","Ti omobinrin ba fi o sile, ohun to dara ju fun o ni ki o pa ara re. Eledaa re le fiya je e, bo tile je pe iwo a ti ku.","Tí ọmobìnrin bá fi ọ́ sílẹ̀, ohun tó dára ju fún ọ ni kí o pa ara rẹ. Ẹlẹ́dàá rẹ lè fìyà jẹ e, bo tilẹ̀ jẹ́ pé ìwọ á ti kú.","Tí ọmọbinrin bá fi ọ́ silẹ, ohun to dara jù fún o ni kí o pa ara rẹ. Eledàá re lè fìyà jẹ ẹ, bo tile jé pe iwo á ti kú.","Ti omobìnrin ba fi o sile, ohun tó dara jù fun o ni kí o pa ara re. Ẹledaa re le fìya je ẹ, bo tilẹ̀ je pe ìwo a ti ku.","sarcastic","Instagram","original"
"341","Tí èèyàn bá gbà ọ́ nímọ̀ràn pé kí o má mu igbo, má ṣe dá a lóhùn nítorí pé ó máa ń pa ìrònú rẹ́. Bó tilẹ̀ jẹ́ pé o lè má pẹ́ láyé, ó sàn kí o kú láìpẹ́ ju kí o máa gbé pẹ̀lú ìrònú lọ.","Ti eeyan ba gba o nimoran pe ki o ma mu igbo, ma se da a lohun nitori pe o maa n pa ironu re. Bo tile je pe o le ma pe laye, o san ki o ku laipe ju ki o maa gbe pelu ironu lo.","Ti èèyàn bá gba ọ́ nímọràn pé kí o ma mu igbo, má se dá a lóhùn nítori pé ó máa ń pa ìrònú rẹ́. Bó tilẹ jẹ́ pé o lè ma pe layé, ó sàn kí o kú láìpẹ́ ju kí o máa gbé pẹ̀lú ìrònu lọ.","Tí èèyàn bá gba ọ nímoran pé ki o ma mu igbo, ma ṣe dá a lohun nítorí pe ó maa n pa ìrònu rẹ. Bo tilẹ jẹ pé o le má pẹ́ layé, o san ki o kú laìpé ju ki o maa gbe pèlu ironú lọ.","Tí eeyan ba gbà o nimoràn pé ki o ma mu igbo, ma se dá a lóhùn nitorí pe ó máa n pa irònu re. Bo tilẹ jé pe o lè ma pẹ laye, ó sàn ki o kú laipẹ ju kí o maa gbé pèlú ironu lo.","sarcastic","Instagram","original"
"342","Tí àwọn ajínigbé bá jí ọ gbé, má ṣe sá lọ, máa wàásù fún wọn ni, bó tilẹ̀ jẹ́ pé wọ́n lè pa ọ́, ṣùgbọ́n orí rẹ yóò fìyà jẹ wọ́n.","Ti awon ajinigbe ba ji o gbe, ma se sa lo, maa waasu fun won ni, bo tile je pe won le pa o, sugbon ori re yoo fiya je won.","Ti àwọn ajínigbé bá jí o gbé, má ṣe sá lọ, máa wàásù fún won ni, bó tilẹ̀ jẹ pe wọ́n lè pa ọ́, sùgbón orí re yoò fìya jẹ wọ́n.","Ti awon ajínigbe ba ji o gbe, ma se sá lo, maa waasu fun won ni, bo tile jẹ́ pe wón le pa ọ́, ṣugbón orí re yóo fiyà jẹ won.","Tí awon ajinigbé ba ji o gbe, má se sa lọ, maa wàasù fun won ni, bo tile je pe won le pa ọ́, sùgbón ori re yoò fìya je won.","sarcastic","Instagram","original"
"343","Tí èèyàn bá ṣe ẹ́ lóore, fí ibi sán fún padà; fífi òòrè san oore ti wọ́pọ̀ jù, ibi ló lè jọ olóore rẹ lójú.","Ti eeyan ba se e loore, fi ibi san fun pada; fifi oore san oore ti wopo ju, ibi lo le jo oloore re loju.","Ti èèyan bá ṣe ẹ́ loore, fí ibi san fún pada; fífi òòre san oore ti wọ́pọ ju, ibi ló lè jọ olóore rẹ lójú.","Ti èèyan bá se é loore, fí ibi sán fun pada; fifi òore san oore ti wópo jù, ibi lo le jo oloore re lóju.","Tí eeyan ba se e loore, fi ibi sán fún pada; fifi oòre san oore ti wopò jù, ibi lo le jọ oloore re loju.","sarcastic","Instagram","original"
"344","Nígbà tí o bá ti mọ̀ pé ọ̀rẹ́kùnrin rẹ ń gbìyànjú láti fi ọ́ sílẹ̀, lóyún fún kí o fí dèé mọ́lẹ̀","Nigba ti o ba ti mo pe orekunrin re n gbiyanju lati fi o sile, loyun fun ki o fi dee mole","Nígba tí o bá ti mọ pé ọ̀rẹ́kùnrin rẹ ń gbiyànju láti fi ọ́ sílẹ̀, lóyún fún kí o fí dee mólẹ̀","Nígba tí o ba ti mọ̀ pe ọrékunrin re ń gbiyànjú láti fi ọ sílẹ, loyún fún kí o fi dèé mọle","Nigbà ti o ba ti mo pe orékunrin re n gbiyanjú lati fi ọ sile, loyun fun kí o fi dee mọ́le","sarcastic","Instagram","original"
"345","Mo ńṣe ìlérí fún ọ pé nígbàkúgbà tí mo bá fẹ́ ọ, n kò ní ṣe panṣágà. Dípò kí n ṣe panṣágà, màá fẹ́ ẹlòmíràn kún ọ tí ó lè gbọ́ bùkátà àwa méjèèjì.","Mo nse ileri fun o pe nigbakugba ti mo ba fe o, n ko ni se pansaga. Dipo ki n se pansaga, maa fe elomiran kun o ti o le gbo bukata awa mejeeji.","Mo nse ìléri fún ọ pé nígbàkúgbà ti mo bá fẹ o, n kò ni ṣe panṣágà. Dipò kí n ṣe panságà, maá fẹ́ ẹlomiran kún ọ ti o lè gbọ́ bùkátà àwa méjèèjì.","Mo nse ìleri fun o pé nigbàkúgba tí mo ba fẹ ọ, n kò ni ṣe panṣagà. Dípo ki n ṣe panṣágà, maa fe elòmiràn kun ọ tí o lè gbó bùkátà awa mejèejì.","Mo ńse ileri fún o pé nígbakúgbà tí mo bá fe o, n ko ni ṣe pansagà. Dipò kí n se panṣagà, maa fe elomíran kun o ti o le gbo bukata awa mejeeji.","sarcastic","Instagram","original"
"346","Tí o bá ṣe àṣìṣe fi owó ránṣẹ́ sí ẹnìkan, fi owó púpọ̀ ránṣẹ́ síí fún ẹni náà. Báyìí, àwọn agbófinró yóò mú oníjìbìtì náà nítorí kò níí lè ṣàlàyé ibi tí owó náà ti wá.","Ti o ba se asise fi owo ranse si enikan, fi owo pupo ranse sii fun eni naa. Bayii, awon agbofinro yoo mu onijibiti naa nitori ko nii le salaye ibi ti owo naa ti wa.","Tí o bá ṣe aṣìse fi owó ranṣẹ́ sí ẹnìkan, fi owó púpọ̀ ránṣẹ síi fún ẹni náà. Báyii, àwọn agbófinró yóo mú oníjìbìtì náà nitori kò níí lè ṣàlàye ibi ti owo náà ti wá.","Ti o ba ṣe aṣiṣe fi owo ránsé sí enikan, fi owo púpo ransẹ síí fun eni naa. Bayìi, awon agbofinró yoò mu oníjìbìtì naà nítorí ko nií lè ṣàlayé ibi tí owó náà ti wa.","Tí o ba ṣe aṣise fi owo ransé si enìkan, fi owo pupo ransẹ́ sií fun eni náa. Báyii, awon agbófinró yoo mu onijibiti naa nítori ko níí le salaye ibi ti owo náa ti wa.","sarcastic","Instagram","original"
"347","Gẹ́gẹ́ bí agbófinró, ó yẹ kí ìwọ́ náà wà nínú igbó láti fí ṣe àfihàn wípé ẹ mọ iṣẹ gẹ́gẹ́bí àwọn ọmọ ogun Nàìjíríà. Bó tilẹ̀ jẹ́ pé wọ́n lè pa ọ́, o mọ̀ pé o ti ṣiṣẹ́ fún orílẹ̀-èdè rẹ, o sì ti di akọni orílẹ̀-èdè.","Gege bi agbofinro, o ye ki iwo naa wa ninu igbo lati fi se afihan wipe e mo ise gegebi awon omo ogun Naijiria. Bo tile je pe won le pa o, o mo pe o ti sise fun orile-ede re, o si ti di akoni orile-ede.","Gẹ́gẹ́ bi agbofinró, o yẹ kí ìwọ́ náà wà nínú igbó láti fi ṣe afihàn wípé ẹ mọ isẹ gẹ́gẹ́bí àwọn ọmọ ogun Nàijíría. Bo tilẹ̀ jẹ́ pé wọn lè pa ó, o mọ̀ pé o ti ṣiṣẹ́ fún orílẹ̀-èdè rẹ, o sì ti di akoni oríle-èdè.","Gége bí agbófinro, ó yẹ ki iwọ́ naà wà nínú igbó láti fi se àfihan wipé ẹ mo ise gegébí awọn omo ogun Naijirià. Bó tilè je pe won le pa o, o mo pé o ti sisẹ fún orílè-ede rẹ, o sì ti di akọni oríle-ède.","Gẹ́ge bí agbofinro, o ye kí ìwó náa wa ninu igbó láti fí se àfihan wipé e mo isẹ gegẹbi awon ọmo ogun Naijírià. Bo tilẹ je pé won le pa o, o mo pe o ti ṣise fún orile-edè re, o si ti di akoni orile-ède.","sarcastic","Instagram","original"
"348","Tí ọkọ rẹ bá ń tọ́jú rẹ àti gbogbo àìní rẹ dáadáa ṣùgbọ́n tí kò kìí sọ fún ọ wípé òún ní ìfẹ́ẹ̀ rẹ lọ́pọ̀lọpọ̀ ìgbà, o yẹ kí o kọ̀ọ́ sílẹ̀ kí o sì máa pààrọ̀ rẹ̀ títí di orí ọkọ keje, bó tilẹ̀ jẹ́ pé ìdí rẹ lè gbóná.","Ti oko re ba n toju re ati gbogbo aini re daadaa sugbon ti ko kii so fun o wipe oun ni ifee re lopolopo igba, o ye ki o koo sile ki o si maa paaro re titi di ori oko keje, bo tile je pe idi re le gbona.","Tí ọkọ rẹ bá ń tóju rẹ àti gbogbo àìni rẹ dáadáa ṣùgbón tí kò kìí sọ fún ọ wípé òun ní ìféẹ re lọ́pọ̀lọpo igbà, o ye kí o kọ̀ó silẹ̀ kí o sì máa pààrọ̀ rẹ̀ títí di orí ọkọ keje, bó tilẹ̀ jẹ́ pé ìdí re lè gbóna.","Tí ọkọ re ba ń tojú re àti gbogbo aìni rẹ dáadaa ṣugbọ́n ti ko kìi so fún o wípé oun ni ifẹẹ re lọpolopọ ìgbà, o yẹ kí o kọọ silẹ ki o si maa paàrò rẹ titi di ori oko keje, bó tilẹ jẹ pe ìdí re lè gbona.","Ti oko re ba n tojú re ati gbogbo aini rẹ daadaa sugbọ́n ti ko kii so fun ọ wípe òún ni ifee re lopòlopo igba, o ye ki o koó síle ki o sì maa paaro re titi di ori okọ keje, bó tilẹ̀ je pe idí rẹ lè gbona.","sarcastic","Instagram","original"
"349","Tí o bá fẹ́ pẹ́ láyé, ó yẹ kí o máa jẹ gbèsè káàkiri, wọn kò níí fẹ́ kí o kú, bó tilẹ̀ jẹ́ pé orúkọ rere rẹ yóò ti bàjẹ́.","Ti o ba fe pe laye, o ye ki o maa je gbese kaakiri, won ko nii fe ki o ku, bo tile je pe oruko rere re yoo ti baje.","Tí o ba fé pẹ́ láyé, ó yẹ kí o máa jẹ gbèsè káàkiri, wọn kò níí fẹ́ kí o kú, bo tile jẹ́ pe orúkọ rere rẹ yóò ti bàjé.","Ti o bá fé pe laye, o yẹ kí o máa jẹ gbese káakiri, won ko nií fé ki o ku, bó tile jẹ́ pé oruko rere re yóò ti bajẹ́.","Tí o ba fé pe laye, ó ye ki o maa jẹ gbesè kaakiri, wọn ko nii fe ki o kú, bo tile je pe oruko rere re yoo ti baje.","sarcastic","Instagram","original"
"350","Bí ọkọ rẹ bá ń lù ọ́, o kò nílò láti fi ìgbéyàwó náà sílẹ̀ nítorí àwọn ènìyàn yóò gbàgbọ́ pé o kò ní ìfaradà, bó tilẹ̀ jẹ́ pé ó lè pa ọ́ ní ọjọ́ kan.","Bi oko re ba n lu o, o ko nilo lati fi igbeyawo naa sile nitori awon eniyan yoo gbagbo pe o ko ni ifarada, bo tile je pe o le pa o ni ojo kan.","Bí ọkọ rẹ bá ń lù ọ́, o kò nílo lati fi ìgbéyawó náà sílẹ̀ nítorí awọn ènìyan yoò gbagbọ pé o kò ní ìfaradà, bó tilẹ jẹ́ pé ó lè pa ọ́ ní ojó kan.","Bi ọko rẹ ba ń lu ọ, o kò nílò lati fi ìgbéyàwo náà silẹ̀ nitori awọn enìyan yóo gbàgbo pé o ko ni ìfaradà, bo tilẹ̀ jé pé ó le pa ọ́ ní ojo kan.","Bi ọkọ re ba n lù ọ, o kò nilo lati fi igbéyàwo naà sile nitori awọn eniyan yoo gbagbo pe o kò ni ifarada, bó tile je pé o le pa ó ni ojo kan.","sarcastic","Instagram","original"
"351","Tí ẹni tí o jẹ lówó bá ndà ẹ láàmú , kú sí l'ọ́rùn ni.  Bó tilẹ̀ jẹ́ pé ìwọ́ ti kú, o ti fi ikú rẹ kó báa nìyẹn","Ti eni ti o je lowo ba nda e laamu , ku si l'orun ni.  Bo tile je pe iwo ti ku, o ti fi iku re ko baa niyen","Tí eni ti o jẹ lówo ba nda ẹ láàmú , ku sí l'orùn ni.  Bo tilẹ̀ jẹ́ pé iwo ti ku, o ti fi ikú rẹ kó baa nìyẹn","Ti ẹni ti o jẹ lówó bá ndà e laàmu , ku si l'órùn ni.  Bo tilẹ̀ jé pe iwó ti ku, o ti fi iku rẹ kó báa niyen","Ti eni ti o je lowo ba ndà e laamu , ku si l'orun ni.  Bó tile jẹ pe iwo ti ku, o ti fi iku re ko baa nìyen","sarcastic","Instagram","original"
"352","Tí o bá fi owó ránṣẹ́ sí àkọọ́lẹ̀ báńkì tí kò tọ́, dípò kí o gbìyànjú láti gbà á, ó yẹ kí o fi owó púpọ̀ sí àkọọ́lẹ̀ wọn kí àwọn ọlọ́pàá lè mú wọn. Bó tilẹ̀ jẹ́ pé o máa jẹ gbèsè, o ti kọ́ wọn láti má ṣe da owó ẹlòmíràn mọ́ tiwọn.","Ti o ba fi owo ranse si akoole banki ti ko to, dipo ki o gbiyanju lati gba a, o ye ki o fi owo pupo si akoole won ki awon olopaa le mu won. Bo tile je pe o maa je gbese, o ti ko won lati ma se da owo elomiran mo tiwon.","Tí o bá fi owó ránsẹ́ sí àkọọ́le bańkì tí kò tọ́, dípò kí o gbìyànjú láti gbà a, ó ye ki o fi owó púpọ̀ sí akọọ́lẹ̀ wọn kí àwon ọlọ́paá le mu wọn. Bó tilẹ jé pé o máa jẹ gbese, o ti kọ́ wọn lati má ṣe da owó ẹlòmíràn mọ́ tiwon.","Tí o bá fi owó ransẹ́ si àkoolẹ̀ bánki tí ko tó, dipo ki o gbiyànjú lati gba á, ó ye kí o fi owo púpọ̀ si akọolẹ̀ won ki àwọn ọlopaá lè mú won. Bo tile jé pé o máa je gbesè, o ti kó won láti ma ṣe da owó elomíran mó tiwon.","Tí o bá fi owo ranse si akoolè banki ti ko tó, dipo kí o gbiyanju láti gba á, ó ye kí o fi owo pupọ si akọole won ki àwon olópaa le mu won. Bo tile je pe o maa je gbesè, o ti kọ won lati ma se da owo elomíran mọ tiwon.","sarcastic","Instagram","original"
"353","Má ṣe pàdánù ọ̀rẹ́kùnrin rẹ àtijọ́ nítorí pé o ti ṣe ìgbéyàwó báyìí. Tí ọkọ rẹ kò bá fẹ́ kí ó rí bẹ́ẹ̀, o yẹ kí o kọ̀ọ́ sílẹ̀.","Ma se padanu orekunrin re atijo nitori pe o ti se igbeyawo bayii. Ti oko re ko ba fe ki o ri bee, o ye ki o koo sile.","Má se pàdánù ọ̀rékùnrin re àtijọ́ nítorí pe o ti ṣe ìgbéyàwó báyií. Tí okọ rẹ ko bá fẹ́ kí ó rí bẹ́ẹ, o ye ki o kọ̀o sílẹ̀.","Má ṣe padánu ọrẹ́kunrin rẹ atijọ nítori pé o ti se ìgbéyawo báyìi. Ti ọkọ re kò bá fẹ́ ki ó rí bée, o yẹ kí o koọ́ sílẹ̀.","Má se pàdánu ọrẹkunrin re atijo nitori pe o ti se igbeyawo bayií. Ti ọko re ko ba fẹ kí ó ri bée, o ye kí o kọo sílè.","sarcastic","Instagram","original"
"354","Tí ẹnìkan bá fẹ́ fi ọtí ba ayé rẹ jẹ́, fi ọtí sílẹ̀ kí o sì bẹ̀rẹ̀ síí ta tẹ́tẹ́. Bó tilẹ̀ jẹ́ pé tẹ́tẹ́ náà lè pa ọ́ run, ṣùgbọ́n ìwọ yóò ní ìgbéraga pé ìwọ fúnra rẹ ni o pa ayé rẹ run, tí onítọ̀hún kò níí lè fọ́nnu nípa pípa ọ́ run.","Ti enikan ba fe fi oti ba aye re je, fi oti sile ki o si bere sii ta tete. Bo tile je pe tete naa le pa o run, sugbon iwo yoo ni igberaga pe iwo funra re ni o pa aye re run, ti onitohun ko nii le fonnu nipa pipa o run.","Ti ẹnìkan bá fẹ́ fi ọti ba ayé rẹ jé, fi ọti sílẹ ki o si bẹ̀rẹ̀ síí ta tẹ́tẹ́. Bó tilẹ̀ jé pé tẹ́tẹ náà lè pa ó run, ṣùgbón ìwọ yoò ní igbéraga pé ìwọ fúnra re ni o pa ayé rẹ run, tí onítọ̀hún ko níí lè fọnnu nípa pípa ọ́ run.","Tí enìkan ba fẹ́ fi otí ba aye rẹ jé, fi ọti sílẹ kí o si bẹrè sii ta tẹtẹ. Bó tilè jẹ pé tẹ́tẹ naa le pa ọ run, sùgbón iwo yoo ni igbéraga pe iwo funra re ni o pa ayé rẹ run, ti onítohun ko nii lè fọ́nnu nípa pípa o run.","Ti enikan ba fe fi otí ba ayé re je, fi ọti silẹ ki o si bere sii ta tetẹ. Bo tile je pe tetẹ náa le pa ó run, sugbón iwo yoò ni igberaga pé iwọ fúnra re ni o pa aye re run, ti onitohun ko níi le fọnnu nipa pípa o run.","sarcastic","Instagram","original"
"355","Má ṣe fi ìyàwó rẹ sílẹ̀ nítorí pé ọkùnrin mìíràn fún-un lóyún, nítorí ó ṣeé ṣe kó jé wípé ọmọ àlè tí ó bí ló máa mú àṣeyọrí wá sí iléè rẹ.","Ma se fi iyawo re sile nitori pe okunrin miiran fun-un loyun, nitori o see se ko je wipe omo ale ti o bi lo maa mu aseyori wa si ilee re.","Ma ṣe fi iyàwo rẹ síle nitori pé ọkùnrin mìíràn fún-un lóyun, nítorí ó seé se kó je wípe omọ àlè tí ó bí ló maa mú àṣeyọrí wá sí ilée re.","Ma ṣe fi ìyàwo re sílè nitori pe okùnrin miíran fun-un lóyun, nítori o ṣee se kó jé wípe omo ale ti ó bi lo máa mú aseyorí wa si ileè rẹ.","Ma ṣe fi iyawo rẹ silẹ nitori pe ọkunrin miiran fun-un loyún, nitori o see se ko jé wipe omọ àle ti o bi lo maa mú aseyorí wa si iléè re.","sarcastic","Instagram","original"
"356","Má ṣe jẹ́ kí ẹnikẹ́ni dẹ́rù bà ọ́ nítorí pé ọmọ ogun ni wọ́n. Gbogbo ọmọ ogun tó bá gbá ọ létí, rí i dájú pé o gbá tìrẹ. Bó tilẹ̀ jẹ́ pé ó lè kọlù ọ́ kí ó sì fi ọ̀bẹ pa ọ́, ìwọ yóò fi ìyẹn kóbá onítọ̀hún.","Ma se je ki enikeni deru ba o nitori pe omo ogun ni won. Gbogbo omo ogun to ba gba o leti, ri i daju pe o gba tire. Bo tile je pe o le kolu o ki o si fi obe pa o, iwo yoo fi iyen koba onitohun.","Má ṣe jẹ́ ki ẹnikẹni dérù bà ọ nitorí pé ọmo ogun ni wọn. Gbogbo omọ ogun tó bá gbá ọ létí, rí i daju pé o gba tìrẹ. Bo tilẹ jé pé ó le kolù ọ́ kí ó si fi ọbe pa ọ, ìwọ yóò fi ìyẹn kóbá onítọhún.","Ma ṣe jẹ́ ki ẹnikeni dẹ́rù bà o nitori pé omo ogun ni wọ́n. Gbogbo ọmo ogun tó ba gba ọ léti, ri i dajú pé o gbá tìre. Bó tilẹ̀ jẹ pé o lè kọlu ọ ki o sì fi ọbe pa ọ́, iwọ yoo fi iyen koba onitọ̀hun.","Ma se je ki enikeni deru ba o nitori pe omo ogun ni wọn. Gbogbo omo ogun to bá gba o letí, ri i daju pe o gbá tirẹ. Bó tilè je pé o lè kolù ó kí o sì fi òbẹ pa o, iwọ yoò fi iyen koba onitohun.","sarcastic","Instagram","original"
"357","Tí wọ́n bá mú ọ nígbà tí o ńjalè, o kò ní láti bẹ̀rù nítorí pé ó máa dàbí ọ̀lẹ ni. Bó tilẹ̀ jẹ́ pé wọ́n lè ti lù ọ́ ní àlùbàjẹ́, ó fi agbára rẹ hàn ni.","Ti won ba mu o nigba ti o njale, o ko ni lati beru nitori pe o maa dabi ole ni. Bo tile je pe won le ti lu o ni alubaje, o fi agbara re han ni.","Ti wọ́n bá mú ọ nigbà tí o ńjalè, o kò ní lati bẹrù nítorí pé ó máa dàbí ọ̀lẹ ni. Bó tilẹ̀ jẹ pé wón lè ti lù ọ́ ni àlùbàjẹ́, ó fi agbára rẹ hàn ni.","Tí wón bá mu o nigbà ti o njalè, o ko ní lati bèrù nitorí pe o máa dàbi ọlẹ ni. Bo tile je pe won lè ti lu o ni àlùbàjẹ́, o fi agbara rẹ han ni.","Ti wọn bá mú o nigba ti o njalè, o ko ni láti beru nitori pe o maa dabi òle ni. Bó tilè je pe wọ́n le ti lu o ní àlubajẹ, ó fi agbara re han ni.","sarcastic","Instagram","original"
"358","Tí o bá bí ọmọ tí kò sì fẹ́ lọ sílé ìwé, má ṣe fipá mú un. Tí ó bá sọ pé òun nífẹ̀ẹ́ sí olè jíjà, o lè ràn án lọ́wọ́ láti rí àwọn ohun èlò olè jíjà, bó tilẹ̀ jẹ́ pé wọ́n lè paá lọ́jọ́ kan.","Ti o ba bi omo ti ko si fe lo sile iwe, ma se fipa mu un. Ti o ba so pe oun nifee si ole jija, o le ran an lowo lati ri awon ohun elo ole jija, bo tile je pe won le paa lojo kan.","Tí o bá bí ọmọ ti ko si fẹ́ lọ sílé ìwé, ma ṣe fipá mu un. Tí ó bá sọ pé òun nífẹẹ́ sí ole jijà, o lè ran an lówọ́ láti rí awọn ohun èlò ole jijà, bó tilẹ̀ jẹ́ pé wọ́n le paá lọ́jọ́ kan.","Tí o ba bi omo tí ko sì fẹ lọ síle iwé, ma ṣe fipa mu un. Ti ó bá so pe òun nífẹ̀é si olè jija, o le ran án lọ́wó láti rí awọn ohun elo olè jíja, bo tilẹ jẹ́ pé wón le paá lọjọ kan.","Ti o ba bi omo ti ko si fe lo síle iwe, ma se fipa mu un. Ti o ba so pe òun nifee si olè jija, o le ran an lọwọ lati rí awon ohun elò ole jija, bo tile jẹ pe won le paa lojọ kan.","sarcastic","Instagram","original"
"359","Dípò kí o máa jó láti polówó fíìmù rẹ fún àwọn olólùfẹ́ rẹ, o lè lọ jalè. Tí wọ́n bá mú ọ, àwọn olólùfẹ́ rẹ lè ṣàánú rẹ kí wọ́n sì wo fíìmù rẹ nígbẹ̀yìn-gbẹ́yín, bó tilẹ̀ jẹ́ pé àwọn èèyàn lè ti lù ọ́ bàjẹ́.","Dipo ki o maa jo lati polowo fiimu re fun awon ololufe re, o le lo jale. Ti won ba mu o, awon ololufe re le saanu re ki won si wo fiimu re nigbeyin-gbeyin, bo tile je pe awon eeyan le ti lu o baje.","Dípò kí o máa jó láti polówó fíìmù rẹ fún àwọn olólùfẹ́ rẹ, o lè lọ jale. Tí wọn bá mú ọ, àwọn olólùfé re le ṣaánú rẹ kí wọn si wo fíìmù rẹ nígbẹyìn-gbẹyín, bo tilẹ̀ jé pe awọn èèyàn le ti lu ọ bàjẹ.","Dipo kí o máa jó lati polówo fiimù rẹ fun àwọn ololufẹ re, o le lo jalè. Tí wọ́n ba mu ọ, àwon olólufe rẹ lè ṣàanu re ki wọn si wo fiimu rẹ nigbeyin-gbẹyin, bó tilẹ jẹ́ pe awon èeyan lè ti lù ọ bajẹ.","Dipo kí o maa jo lati polówó fiimù rẹ fun awon ololufe rẹ, o le lo jale. Tí won bá mu o, àwon olólufẹ re le saanú re kí won si wo fiìmu re nígbẹyin-gbẹyín, bo tile jẹ pé awọn èèyàn lè ti lù o bàje.","sarcastic","Instagram","original"
"360","Tí ọkọ rẹ bá ń gbìyànjú láti mú kí ìgbésí ayé rọrùn fún ọ nílé, o ní láti kọ̀ ọ́ sílẹ̀ kí àwọn ọmọ rẹ lè kó àwọn ìrírí tó báramu jọ, bó tilẹ̀ jẹ́ pé o lè kú nítorí wàhálà","Ti oko re ba n gbiyanju lati mu ki igbesi aye rorun fun o nile, o ni lati ko o sile ki awon omo re le ko awon iriri to baramu jo, bo tile je pe o le ku nitori wahala","Tí okọ rẹ bá ń gbìyànjú láti mu kí igbési aye rọrùn fun o nílé, o ní lati kọ o silẹ̀ kí àwọn ọmọ rẹ lè kó awọn ìrírí to báramu jọ, bó tilẹ̀ jẹ́ pé o lè kú nitorí wàhálà","Tí ọkọ re bá n gbìyànjú lati mu kí ìgbesi aye rorun fun o nile, o ní láti kọ̀ o sile ki awon omo re le ko awọn iríri to baramu jọ, bó tilẹ̀ jẹ pé o le ku nítorí wàhalà","Ti oko re ba n gbiyanju lati mu ki igbesí ayé rọrun fun ọ níle, o ní lati ko ọ́ sile ki àwọn omọ re le ko awon iríri to baramu jo, bó tilẹ jẹ pé o le ku nítori wahála","sarcastic","Instagram","original"
"361","Tí agbófinró Nàìjíríà kan bá sọ fún ọ pé kí o ṣí fóònù rẹ, má ṣe dá a lóhùn. Bí ó tilẹ̀ fẹ́ pa ọ́, o kàn máa kú lẹ́ẹ̀kan ṣoṣo, bó tilẹ̀ jẹ́ pé ẹ̀mí rẹ yóò ti ṣòfò.","Ti agbofinro Naijiria kan ba so fun o pe ki o si foonu re, ma se da a lohun. Bi o tile fe pa o, o kan maa ku leekan soso, bo tile je pe emi re yoo ti sofo.","Ti agbófinro Naìjíríà kan bá sọ fun ọ pé kí o ṣí foònù rẹ, má ṣe dá a lóhun. Bí o tilẹ̀ fẹ́ pa ọ, o kàn máa kú lẹ́ẹ̀kan soso, bó tilẹ̀ jẹ́ pé ẹmi re yóò ti ṣòfò.","Ti agbófinro Naìjíría kan ba so fun o pe ki o si fóònù rẹ, má se da a lohùn. Bí o tilẹ fẹ pa ọ́, o kan máa kú lẹ́ekan ṣoṣo, bo tilẹ̀ jẹ pé ẹ̀mí rẹ yoo ti sòfo.","Ti agbofinro Nàijiría kan ba so fun o pe ki o si foònù rẹ, má ṣe da a lohun. Bi o tile fé pa o, o kan maa ku leekan soso, bo tile jé pe èmi re yoo ti sofò.","sarcastic","Instagram","original"
"362","Ó sàn kí a kú nípò akọni ju kí a gbé ìgbésí ayé ojo, bó tilẹ̀ jẹ́ pé ẹ̀mí ènìyàn náà  á ti ṣòfò.","O san ki a ku nipo akoni ju ki a gbe igbesi aye ojo, bo tile je pe emi eniyan naa  a ti sofo.","Ó sàn kí a kú nípò akoni ju kí a gbé ìgbési ayé ojo, bo tilẹ̀ jẹ pé ẹ̀mí ènìyàn náa  á ti ṣòfo.","Ó sàn kí a ku nipo akọni ju kí a gbe igbésí aye ojo, bó tilè jẹ́ pe emí enìyàn naà  á ti ṣòfo.","O sàn kí a ku nipò akoni ju ki a gbe igbesi aye ojo, bo tilẹ̀ je pe emí èniyan naa  a ti sofo.","sarcastic","Instagram","original"
"363","Nítorí wípé ìyàwó Ned Nwoko n mu igbó, kò túmọ sí wípé ọmọ burúkú ni. Ó lè jẹ́ igbó tí ìyàwó náà ni mu ni àwọn èèyàn yóò fi máa wárí fún Ned Nwoko, bó tilẹ̀ jẹ́ wípé igbó lè ya obìnrin náà ní wèrè","Nitori wipe iyawo Ned Nwoko n mu igbo, ko tumo si wipe omo buruku ni. O le je igbo ti iyawo naa ni mu ni awon eeyan yoo fi maa wari fun Ned Nwoko, bo tile je wipe igbo le ya obinrin naa ni were","Nitorí wípé ìyàwó Ned Nwoko n mu igbo, kò tumo si wípé ọmo burukú ni. Ó lè jẹ igbó tí iyawó náà ni mu ni àwọn èèyàn yoo fi máa wari fún Ned Nwoko, bó tilẹ jẹ wípé igbó le ya obìnrin náà ní wèrè","Nítori wipe ìyawó Ned Nwoko n mu igbo, ko túmọ si wipé ọmo burúku ni. Ó le jé igbó tí ìyàwo náà ni mu ni awon èeyàn yoo fi maa wárí fún Ned Nwoko, bó tilẹ je wípe igbo le ya obìnrin náa ni werè","Nitori wípe iyàwo Ned Nwoko n mu igbo, ko túmo si wípe omọ buruku ni. O le je igbo ti iyawo naa ni mu ni àwon eeyan yoo fi máa warí fun Ned Nwoko, bo tile jẹ wipe igbo le ya obinrin naa ni were","sarcastic","Instagram","original"
"364","Bó tilẹ̀ jẹ́ pé ọkọ rẹ̀ ń lùú, ẹ bá Regina Daniels sọ̀rọ̀ láti padà sí ilé ọkọ rẹ̀; kò nílò láti lọ nítorí lílù díẹ̀díẹ̀ tó ti lè kọ́ ẹ̀kọ́, bó tilẹ̀ jẹ́ wípé wọ́n lè lùú pa lọ́jọ́ kan.","Bo tile je pe oko re n luu, e ba Regina Daniels soro lati pada si ile oko re; ko nilo lati lo nitori lilu diedie to ti le ko eko, bo tile je wipe won le luu pa lojo kan.","Bó tilẹ̀ jẹ́ pe okọ rẹ̀ ń lùú, ẹ bá Regina Daniels sọ̀rọ̀ láti padà sí ile ọkọ rẹ̀; ko nílo lati lọ nitori lílù diẹ̀díẹ tó ti lè kọ́ èkọ́, bó tilẹ̀ jẹ wipé won lè luu pa lọ́jó kan.","Bo tilẹ jẹ́ pe ọkọ rè n lùu, e bá Regina Daniels sorọ̀ lati pada sí ile ọkọ rẹ; kò nilo láti lo nítorí lílu diedíè tó ti lè kọ ekó, bó tilẹ jẹ wipé wọ́n le lùú pa lojó kan.","Bo tile jé pé oko rẹ n luú, e ba Regina Daniels sòro lati padà si ile oko re; kò nilo lati lo nitori lilu diediẹ̀ to ti lè kó eko, bo tilẹ jé wipe won le luu pa lojó kan.","sarcastic","Instagram","original"
"365","Ó sàn kí èèyàn sunkún nínú ọkọ̀ Lamborghini ju kí ó máa rẹ́ẹ̀rín nínú kẹ̀kẹ́ Márúwá","O san ki eeyan sunkun ninu oko Lamborghini ju ki o maa reerin ninu keke Maruwa","O sàn kí èèyàn sunkún nínú okò Lamborghini ju kí o máa rẹ́ẹ̀rín nínú kèkẹ Máruwá","O san ki èèyàn sunkun nínú okò Lamborghini ju ki o máa réèrin ninu kekẹ Maruwá","O san ki eeyan sunkun nínu ọko Lamborghini ju ki o maa rẹerin ninu keké Maruwa","sarcastic","Instagram","original"
"366","Tí o bá ní ọ̀rẹ́ kan tó fẹ́ kọ́ ọ bí o ṣe ń pa ẹja, má ṣe dáa lóhùn. Nítorí pé ó sàn kí ó máa fún ọ ní ẹja jẹ ju kí ó kọ́ ọ bí o ṣe ń pẹja lọ, nítorí pé odò lè gbé ọ lọ.","Ti o ba ni ore kan to fe ko o bi o se n pa eja, ma se daa lohun. Nitori pe o san ki o maa fun o ni eja je ju ki o ko o bi o se n peja lo, nitori pe odo le gbe o lo.","Tí o bá ní ọ̀rẹ́ kan tó fẹ kọ ọ bi o se ń pa ẹja, má ṣe daa lóhùn. Nítori pe ó san kí o máa fún ọ ní eja jẹ ju kí ó kó ọ bí o ṣe ń pẹja lọ, nítorí pé odò lè gbé ọ lọ.","Ti o ba ní òrẹ́ kan tó fé kọ ọ bí o ṣe n pa eja, ma ṣe dáa lohùn. Nitori pe o san kí ó máa fún ọ ní ẹja jẹ ju kí ó kọ́ o bí o ṣe n peja lo, nitori pe odo lè gbe o lo.","Ti o ba ni òre kan to fe kọ ọ bi o se n pa eja, ma ṣe daa lohun. Nítori pé ó san kí o maa fun o ni eja je ju kí o ko o bí o se n peja lo, nitori pé odo lè gbe ọ lo.","sarcastic","Instagram","original"
"367","Àwọn tó ń ràn ọ́ lọ́wọ́ tẹ́lẹ̀ kò ní fẹ́ ràn ọ́ lọ́wọ́ mọ́ lẹ́sẹ̀kẹsẹ̀ tí wọ́n bá mọ̀ pé o ń ṣiṣẹ̀ owó, nítorí náà ó sàn kí o fikún iye àwọn ènìyàn tí o ń tọrọ owó lọ́wọ́ọ wọn sí i dípò kí o ṣiṣẹ́, bó tilẹ̀ jẹ́ pé o lè má ṣe àṣeyọrí ní ìgbésí ayé rẹ.","Awon to n ran o lowo tele ko ni fe ran o lowo mo lesekese ti won ba mo pe o n sise owo, nitori naa o san ki o fikun iye awon eniyan ti o n toro owo lowoo won si i dipo ki o sise, bo tile je pe o le ma se aseyori ni igbesi aye re.","Àwọn tó ń ran ọ́ lówọ́ télẹ̀ kò ní fẹ́ ràn ó lọwọ́ mó lẹ́sẹ̀kẹsẹ̀ tí wọ́n bá mọ̀ pé o ń siṣè owó, nítori naà ó sàn ki o fikún iye awon eniyan tí o ń torọ owó lọ́wọ́ọ won sí i dipò ki o ṣiṣe, bo tilẹ̀ jẹ́ pé o lè má ṣe aseyọrí ni igbesí ayé rẹ.","Àwọn tó n ràn ọ lówọ télẹ kò ni fẹ́ ràn ọ lọwó mo lésẹ̀kẹsẹ̀ tí wọ́n ba mò pe o n ṣiṣe owo, nítori naà o san ki o fikún iye àwọn enìyàn tí o n torọ owo lowoọ wọn si i dipo ki o sisẹ, bó tilè je pe o le ma se àseyorí ní igbési aye re.","Awọn to n ran o lọwo télè ko ní fe ran ọ lọwó mo lesẹkese tí won ba mo pe o n siṣe owó, nitorí naa o san ki o fikun iye awon eniyan ti o ń toro owó lọ́woo won si i dipò ki o siṣe, bó tile jé pe o le má se aseyori ní igbési aye re.","sarcastic","Instagram","original"
"368","Tí ẹnìkan bá fẹ́ pa ọ́ nípa fífi májèlé sínú oúnjẹ́ rẹ, má ṣe yára wá ẹ̀rọ tàbí kí o gbìyànjú láti dé ilé ìwòsàn kíákíá, nítorí pé àwọn èèyàn yóò lérò wípé o bẹ̀rù ikú ni","Ti enikan ba fe pa o nipa fifi majele sinu ounje re, ma se yara wa ero tabi ki o gbiyanju lati de ile iwosan kiakia, nitori pe awon eeyan yoo lero wipe o beru iku ni","Tí ẹnìkan ba fé pa ọ́ nípa fífi majèlé sínu oúnjẹ rẹ, má ṣe yara wá ẹ̀rọ tàbí kí o gbìyànju láti dé ilé iwosàn kíákíá, nitorí pé àwọn eèyàn yoo lérò wipé o bẹ̀rù ikú ni","Ti ẹnikan bá fe pa ọ nipa fifi majèle sínu oúnjẹ re, má ṣe yara wa ero tàbí kí o gbiyànju láti de ilé ìwosàn kiákia, nitori pé awon eèyan yoò lero wípé o bèrù ikú ni","Ti ẹnikan bá fẹ pa o nípa fífi majèle sinu ounjé re, ma se yára wa erọ tabi kí o gbiyanjú lati dé ilé ìwosan kíákia, nitorí pe awọn eeyan yoo lerò wipe o beru iku ni","sarcastic","Instagram","original"
"369","Tí ẹnìkan bá ń gbà ọ́ nímọ̀ràn pé kí o má ṣe kánjú ní ìgbésí ayé, má ṣe dá a lóhùn, nítorí pé tí o kò bá yára ṣe nǹkan, kódà nípa ṣíṣe nǹkan búburú, o lè má ṣe àṣeyọrí ní àkókò.","Ti enikan ba n gba o nimoran pe ki o ma se kanju ni igbesi aye, ma se da a lohun, nitori pe ti o ko ba yara se nnkan, koda nipa sise nnkan buburu, o le ma se aseyori ni akoko.","Tí ẹnikan bá ń gbà ọ́ nímọ̀ràn pé kí o má ṣe kanjú ní igbesí ayé, ma ṣe dá a lohùn, nítorí pe tí o kò bá yára ṣe nǹkan, kódà nipa ṣíṣe nǹkan búburú, o lè má ṣe àṣeyọrí ní àkókò.","Ti enikan ba ń gbà ọ́ nimòran pe ki o má se kanjú ni igbesi ayé, má se da a lohun, nitorí pe tí o ko ba yára se nǹkan, kódà nípa siṣe nnkan buburu, o lè ma ṣe aṣeyọri ní akókò.","Ti enikan ba n gba o nímọran pe kí o má se kanjú ni ìgbesí aye, ma se da a lohun, nitori pe ti o ko ba yara se nnkan, kódà nipa sise nǹkan buburu, o lè ma se aseyọri ní akóko.","sarcastic","Instagram","original"
"370","Ohunkóhun tí àwọn ọ̀rẹ́ rẹ bá ń ṣe láti rí owó, kódà bí wọ́n bá ń jalè, lọ ṣe. Tí o kò bá ṣe àwọn nǹkan wọ̀nyí, wọn yóò gbàgbọ́ pé ojo ni ọ́, bó tilẹ̀ jẹ́ pé o lè ya wèrè, ṣùgbọ́n ìwọ pẹ̀lú àwọn ọ̀rẹ́ rẹ á jọ ṣe wèrè ni.","Ohunkohun ti awon ore re ba n se lati ri owo, koda bi won ba n jale, lo se. Ti o ko ba se awon nnkan wonyi, won yoo gbagbo pe ojo ni o, bo tile je pe o le ya were, sugbon iwo pelu awon ore re a jo se were ni.","Ohunkohun ti àwon ọrẹ́ rẹ bá ń ṣe láti rí owo, koda bí wọ́n ba ń jalè, lọ ṣe. Tí o kò bá se àwọn nǹkan wọnyi, wọn yoò gbàgbọ́ pe ojo ni ó, bó tilẹ je pé o lè ya were, sugbọ́n ìwọ pẹ̀lú àwọn òrẹ rẹ á jọ ṣe were ni.","Ohunkóhun ti àwon ore re ba ń ṣe lati rí owó, koda bi wọn ba ń jale, lo ṣe. Tí o kò bá se àwọn nnkan wọ̀nyí, won yóo gbàgbó pe ojo ni ọ, bó tilẹ̀ jẹ́ pé o lè ya wèrè, ṣugbọ́n iwọ pelú awon ọrẹ rẹ á jọ ṣe wèrè ni.","Ohunkohun ti àwọn orẹ re ba n se lati ri owo, kódà bí won ba n jalè, lo se. Ti o kò ba se awon nǹkan wonyí, wọn yóo gbàgbó pé ojo ni o, bó tilẹ je pe o le ya werè, sùgbon iwo pelu awon ọré re a jo ṣe wère ni.","sarcastic","Instagram","original"
"371","Owó tí o bá fẹ́ lò láti tún fóònù àtijọ́ ṣe, o lè lòó fún òògùn owó. Ohun tó burú jù tí o lè rí ni kí o ya wèrè, ṣùgbọ́n o máa rí owó, oó sì máa ń gbé ìgbésí ayé ọlọ́lá","Owo ti o ba fe lo lati tun foonu atijo se, o le loo fun oogun owo. Ohun to buru ju ti o le ri ni ki o ya were, sugbon o maa ri owo, oo si maa n gbe igbesi aye olola","Owó ti o bá fẹ́ lò láti tún fóònù àtijo ṣe, o lè lòó fún òògùn owó. Ohun tó burú jù tí o lè rí ni kí o ya wèrè, ṣùgbón o máa rí owo, oó sì máa ń gbé ìgbésí ayé ọlọ́lá","Owó tí o bá fé lo láti tun foonu àtijó se, o le loó fún òogùn owó. Ohun to buru ju ti o le rí ni kí o ya werè, sùgbọ́n o maa ri owo, oó sì máa n gbe igbesí ayé ọlolá","Owo ti o bá fẹ́ lo lati tun foonu atijo se, o le lòó fun oogun owó. Ohun to buru ju tí o lè rí ni kí o ya were, ṣugbón o maa ri owó, oo si maa ń gbe igbési aye olọla","sarcastic","Instagram","original"
"372","Tí o bá wọ inú ìdèkùn kan tí wọ́n sì jí ọ gbé, má ṣe pe àwọn olùrànlọ́wọ́ rẹ ju ìgbà méjì lọ nítorí pé wọ́n ti kọ́ ọ láti pe lẹ́ẹ̀mejì péré, kí o má baà hùwà bí aláìmọ̀wé nígbà tí o bá ń wá ìrànlọ́wọ́ láti san owó ìràpadà rẹ kí wọ́n lè dá ọ sílẹ̀.","Ti o ba wo inu idekun kan ti won si ji o gbe, ma se pe awon oluranlowo re ju igba meji lo nitori pe won ti ko o lati pe leemeji pere, ki o ma baa huwa bi alaimowe nigba ti o ba n wa iranlowo lati san owo irapada re ki won le da o sile.","Tí o bá wọ inú ìdekùn kan tí wọn sì jí ọ gbé, má ṣe pe àwọn olùrànlọ́wọ́ re ju igbà méjì lọ nitorí pe wón ti kó o láti pe leẹmejì pere, kí o ma baà hùwa bí aláìmọ̀wé nígbà tí o bá ń wá ìrànlọwo láti san owo ìràpadà rẹ kí wọ́n lè da ọ sílẹ̀.","Tí o bá wo inu ìdèkùn kan tí wọn sì ji ọ gbe, má ṣe pe awọn olurànlọ́wọ rẹ ju igba meji lọ nitori pe wọ́n ti kọ́ ọ lati pe lẹèmejì pére, kí o ma baa hùwa bí aláìmọwé nigbà ti o ba n wá irànlọwọ lati san owó ìrapadà re ki wón lè dá o sílẹ̀.","Ti o bá wo inú idekun kan tí wón si ji o gbe, ma se pe awon oluranlowó re ju ìgbà meji lo nítori pe won ti ko o lati pe léèmeji pere, ki o ma baà huwa bi alaimowe nígba ti o ba n wá iranlowo lati san owo ìràpada re kí won le da o silẹ̀.","sarcastic","Instagram","original"
"373","Tí agbófinró Nàìjíríà kan bá mú ọ níbi tí wọ́n ti ń ta igbó, má bẹ̀bẹ̀, má sì sá lọ. Ó lè rò pé ẹ̀rù ń bà ọ́ láti wà ní àtìmọ́lé, bó tilẹ̀ jẹ́ pé ìgbésí ayé rẹ lè dàrú.","Ti agbofinro Naijiria kan ba mu o nibi ti won ti n ta igbo, ma bebe, ma si sa lo. O le ro pe eru n ba o lati wa ni atimole, bo tile je pe igbesi aye re le daru.","Tí agbófinró Nàìjíria kan ba mú ọ níbi tí wón ti ń ta igbo, má bẹ̀bẹ̀, má si sa lo. Ó le rò pe ẹ̀rù ń ba ọ́ láti wà ni àtimólé, bo tilẹ̀ jẹ pe igbésí ayé rẹ le dàrú.","Ti agbofinro Naijíria kan ba mu o níbi ti wọ́n ti ń ta igbo, ma bebe, ma si sá lo. O lè rò pé ẹrù ń ba ọ láti wa ní àtìmọ́le, bo tile je pe ìgbesi aye re lè dàrú.","Ti agbofinro Naijiríà kan ba mu o níbi ti won ti n ta igbo, ma bẹbe, ma si sa lo. Ó le rò pé èru n ba o láti wa ní atimọle, bo tile jẹ́ pé igbesi aye rẹ le daru.","sarcastic","Instagram","original"
"374","Tí ẹnìkan bá gbìyànjú láti pa ọ́ tí o sì sá àsálà, má ṣe gbé ẹni náà lọ sí àgọ́ ọlọ́pàá tàbí kí o fi ẹ̀sùn kàn-án nílé ẹjọ́. Bó tilẹ̀ jẹ́ pé ó lè padà pa ọ́ nígbà tó bá yá, ṣùgbọ́n ìwọ á ti fi ikú rẹ ṣe àkóbá fún ẹni náà.","Ti enikan ba gbiyanju lati pa o ti o si sa asala, ma se gbe eni naa lo si ago olopaa tabi ki o fi esun kan-an nile ejo. Bo tile je pe o le pada pa o nigba to ba ya, sugbon iwo a ti fi iku re se akoba fun eni naa.","Tí ẹnikan bá gbìyànjú láti pa ó ti o si sá àsála, má ṣe gbe ẹni naà lọ sí àgó ọlọpàá tàbí kí o fi ẹ̀sùn kan-án nílé ẹjọ́. Bo tilẹ jé pé ó lè padà pa ọ́ nígbà tó bá yá, ṣùgbọn ìwọ á ti fi ikú re ṣe àkobá fún eni náà.","Tí enikan ba gbiyanjú láti pa ọ tí o sì sá asálà, má se gbé eni náà lọ si àgó ọlọpaa tabi kí o fi èsùn kàn-án nile ẹjọ́. Bo tilè jẹ́ pé ó lè padà pa ọ nigba to bá yá, ṣugbon iwo a ti fi ikú re se àkobá fun ẹni náà.","Tí enikan ba gbiyanju láti pa o ti o si sa asála, ma se gbé eni naa lo si ago olọpaa tabi kí o fi esun kan-an nile ejó. Bó tile je pe ó le pada pa o nigba to ba ya, sugbón ìwo a ti fi iku rẹ se àkoba fún eni naa.","sarcastic","Instagram","original"
"375","Tí agbófinró Nàìjíríà kan bá sọ fún ọ pé kí o ṣí fóònù rẹ, má ṣe dá a lóhùn. Bí ó tilẹ̀ fẹ́ pa ọ́, o kàn máa kú lẹ́ẹ̀kan ṣoṣo, bó tilẹ̀ jẹ́ pé ẹ̀mí rẹ yóò ti ṣòfò.","Ti agbofinro Naijiria kan ba so fun o pe ki o si foonu re, ma se da a lohun. Bi o tile fe pa o, o kan maa ku leekan soso, bo tile je pe emi re yoo ti sofo.","Tí agbofinró Naijíríà kan bá sọ fún o pé kí o ṣi fóonù rẹ, má se dá a lóhùn. Bí ó tilẹ̀ fe pa ọ́, o kàn máa kú lẹ́ẹ̀kan soṣo, bó tilẹ̀ jé pe èmí rẹ yóò ti ṣofò.","Ti agbófinró Nàìjíríà kan bá so fun ọ pé ki o sí foonù rẹ, ma se da a lóhun. Bi o tilè fé pa ọ, o kan máa ku leèkan ṣoṣo, bo tile jẹ pé ẹmí re yoò ti sofò.","Tí agbófinró Nàijiria kan ba sọ fún o pé ki o sí foonu re, má se da a lóhun. Bi o tile fe pa o, o kan maa kú leekan soṣo, bo tilè jẹ pé èmi re yoo ti sofo.","sarcastic","Instagram","original"
"376","Tí o bá ń ṣiṣẹ́ pọ̀ pẹ̀lú ọ̀rẹ́ rẹ láti lè ní láárí, tí ó sì ń rí owó ju ọ́ lọ, ó sàn kí ọ sa òògùn síi, bó tilẹ̀ jẹ́ wípé ẹ̀yin méjèèjì lè di èrò ẹ̀yìn papọ̀, kí ẹ sì jọ máa tọrọ jẹ.","Ti o ba n sise po pelu ore re lati le ni laari, ti o si n ri owo ju o lo, o san ki o sa oogun sii, bo tile je wipe eyin mejeeji le di ero eyin papo, ki e si jo maa toro je.","Tí o ba ń ṣisẹ́ pọ pẹ̀lú ọre re láti lè ní láári, ti ó sì n rí owó ju ọ lọ, ó san kí ọ sa òògùn síi, bó tilẹ̀ jẹ wípé ẹ̀yin mejèèjì lè di erò ẹ̀yìn papọ̀, ki e si jọ máa toro jẹ.","Ti o ba n ṣiṣẹ po pẹlu ọ̀rẹ rẹ lati le ni láari, ti ó sì n ri owo ju ọ́ lo, o sàn kí ọ sa òògùn síi, bó tilẹ̀ je wipe ẹ̀yin méjeeji lè di ero ẹyìn papọ̀, ki e sì jọ máa tọro jẹ.","Ti o ba ń sisé pò pẹlu òre rẹ lati le ni laari, ti ó si n ri owo ju o lọ, o san ki ọ sa oogun síi, bo tilẹ̀ je wipe eyin mejeeji le di ero eyìn papọ̀, ki e si jo máa tọro je.","sarcastic","Instagram","original"
"377","Ó yẹ kí o fẹ́ ọmọ aláìníbaba kí o má baà san owó orí rẹ̀, bó tilẹ̀ jẹ́ pé ó lè sá lọ pẹ̀lú àwọn ohun ìní rẹ lọ́jọ́ kan tí o kò sì ní mọ ibi tí óo wa sí, ṣùgbọ́n nípa gbígbé ìgbésẹ̀ irúfẹ́ yi la fí ngbé ilé ayé.","O ye ki o fe omo alainibaba ki o ma baa san owo ori re, bo tile je pe o le sa lo pelu awon ohun ini re lojo kan ti o ko si ni mo ibi ti oo wa si, sugbon nipa gbigbe igbese irufe yi la fi ngbe ile aye.","Ó yẹ kí o fẹ́ ọmọ aláìnibaba kí o má baà san owó orí rẹ̀, bó tilẹ jẹ́ pé o lè sa lo pẹlú àwon ohun ìni rẹ lọjọ́ kan tí o kò sì ní mọ ibi tí óo wa sí, ṣùgbon nipa gbígbé igbésẹ̀ irúfẹ́ yi la fí ngbe ilé ayé.","Ó ye kí o fẹ omo aláìníbaba kí o má baa san owó orí rẹ̀, bo tilè je pé ó le sá lo pẹlu àwon ohun ìni re lọjọ kan ti o kò sì ní mo ibi tí oo wa sí, ṣùgbón nipa gbígbé ìgbésè irufẹ yi la fi ngbe ilé ayé.","O ye ki o fé omọ alainibaba kí o ma baa san owó ori re, bo tile je pe ó lè sa lo pelu awon ohun ini re lojọ́ kan ti o ko si ní mo ibi tí oo wa si, sugbọn nípa gbigbé ìgbesè irúfe yi la fi ngbe ile aye.","sarcastic","Instagram","original"
"378","Má tí torí pé o jẹ́ obìnrin kí o jòkó ti ọkùnrin ẹyọ̀kan. Ti ọkùnrin bá ní ànfààní láti fẹlẹ́ ìyàwó méjì, iwọ náà lè fẹ́ ọkọ méjì ti wàá sì máa darí wọn, bó tilẹ̀ jẹ́ wípé ìdí rẹ yóò gbóná","Ma ti tori pe o je obinrin ki o joko ti okunrin eyokan. Ti okunrin ba ni anfaani lati fele iyawo meji, iwo naa le fe oko meji ti waa si maa dari won, bo tile je wipe idi re yoo gbona","Má ti torí pé o jé obinrin kí o jòko ti ọkùnrin eyọ̀kan. Ti ọkùnrin bá ní ànfààní lati felẹ́ ìyàwó méjì, iwo náà lè fẹ́ ọko méjì ti wàá sì máa dari wọn, bó tilẹ̀ jẹ́ wípé idí rẹ yóò gboná","Má tí tori pe o jé obinrin kí o jokó ti okunrin eyokan. Ti ọkunrin bá ní ànfàaní láti fẹlẹ́ ìyàwó mejì, iwo náà le fé ọko méji ti wàa si maa dari wọn, bo tilè jẹ wípe ìdi re yoò gbona","Má ti tori pé o jẹ obinrin ki o joko ti okunrin eyọkan. Ti okunrin ba ni anfàani lati fele ìyàwo mejì, iwo náa le fẹ ọkọ meji ti waá si maa darí won, bo tile jé wipe idí re yoò gbóna","sarcastic","Instagram","original"
"379","Tí o bá ti ń gbìyànjú gbogbo agbára rẹ tí o kò sì tíì ríṣe, má ṣe gbìyànjú tàbí bẹ Ọlọ́run rẹ mọ́, lọ jalè dípò bẹ́ẹ̀. Bó tilẹ̀ jẹ́ pé wọ́n lè mú ọ kí wọ́n sì pa ọ́ níbi to ti lọ jalè, ṣùgbọ́n àwọn tí ó yẹ kí wọ́n ràn ọ́ lọ́wọ́ tí wọ́n kùnà lojú yóò tì.","Ti o ba ti n gbiyanju gbogbo agbara re ti o ko si tii rise, ma se gbiyanju tabi be Olorun re mo, lo jale dipo bee. Bo tile je pe won le mu o ki won si pa o nibi to ti lo jale, sugbon awon ti o ye ki won ran o lowo ti won kuna loju yoo ti.","Tí o ba ti ń gbiyànju gbogbo agbára re ti o ko sì tíì riṣe, má ṣe gbiyànjú tàbi be Olọrun re mọ́, lọ jale dípò bẹe. Bó tilẹ jẹ́ pe wón lè mú ọ kí wọ́n sì pa ọ níbi to ti lo jalè, sùgbón àwọn tí ó yẹ kí wọ́n ràn ọ lọ́wọ́ tí wón kùnà lojú yóò tì.","Tí o ba ti n gbiyànjú gbogbo agbára rẹ tí o kò sì tíì riṣe, ma ṣe gbiyanju tàbi bẹ Ọlọ́run re mọ́, lọ jale dipò beè. Bó tilè je pé won lè mú ọ ki wọn sì pa ó níbi to ti lo jalè, ṣùgbọ́n àwọn ti ó ye ki wọn ran ó lowo ti wọ́n kùnà loju yóo ti.","Ti o ba ti n gbiyànju gbogbo agbara re ti o kò si tii rise, ma se gbiyanju tabí bẹ Olorun rẹ mó, lo jalè dipo bée. Bo tilè jé pe won le mú o kí wọn si pa ó níbi to ti lo jale, sùgbon awon ti ó ye ki wón ran ọ lowo ti won kuna lojú yoo ti.","sarcastic","Instagram","original"
"380","Tí o bá rí ènìyàn méjì tí wọ́n ń jà pẹ̀lú ohun ìjà bí igi, má ṣe fojú fo wọ́n, gbìyànjú láti là wọ́n. Bó tilẹ̀ jẹ́ pé wọ́n lè fọ́ igi mọ́ ẹ lórí tí òo sì gbabẹ̀ kú, wàá rí ẹ̀san gbà lọ́dọ̀ Ọlọ́run","Ti o ba ri eniyan meji ti won n ja pelu ohun ija bi igi, ma se foju fo won, gbiyanju lati la won. Bo tile je pe won le fo igi mo e lori ti oo si gbabe ku, waa ri esan gba lodo Olorun","Tí o bá rí ènìyàn méjì tí wọ́n ń jà pẹlu ohun ìja bí igi, má ṣe fojú fo wọn, gbìyànjú láti là wón. Bo tilè jẹ́ pe wón lè fọ́ igi mọ́ ẹ lórí tí òo si gbabẹ̀ ku, waa rí ẹsan gbà lódọ Ọlọ́run","Tí o bá ri eniyan méjì tí wọn ń ja pẹ̀lú ohun ìjà bí igi, má se fojú fo won, gbiyanjú lati là wọn. Bó tilẹ jé pé won le fo igi mó ẹ lórí tí oo si gbabẹ ku, waá rí esan gba lọ́do Ọlọrun","Ti o ba ri eniyan mejì ti won ń ja pelu ohun ijà bi igi, má se foju fo won, gbiyanju lati la wọn. Bo tilẹ jé pe wón le fo igi mọ e lorí tí òo si gbabẹ̀ ku, wàa rí èsan gba lọdò Ọlọ́run","sarcastic","Instagram","original"
"381","Tí o bá ń ṣiyèméjì bóyá ọ̀rẹ́kùnrin rẹ fẹ́ràn rẹ tàbí bẹ́ẹ̀ kọ́, lóyún fún un kí o lè dán-an wò, kò sì ní lè fara pamọ́ mọ́. Bó tilẹ̀ jẹ́ pé tí kò bá gbà, o lè jìyà kí o sì dá ọmọ tọ́, ṣùgbọ́n o ti mọ irú èèyàn tó jẹ́ báyẹn","Ti o ba n siyemeji boya orekunrin re feran re tabi bee ko, loyun fun un ki o le dan-an wo, ko si ni le fara pamo mo. Bo tile je pe ti ko ba gba, o le jiya ki o si da omo to, sugbon o ti mo iru eeyan to je bayen","Tí o bá ń ṣiyeméjì bóyá ọ̀rékunrin rẹ fẹ́ran rẹ tabi bẹ́è kọ́, lóyun fún un kí o lè dán-an wo, kò sì ní lè fara pamọ mọ́. Bó tilẹ̀ jẹ́ pe ti kò bá gbà, o lè jìya kí o sì dá omọ tọ́, ṣugbon o ti mọ irú èèyàn to jé bayẹn","Ti o ba ń ṣiyeméjì bóya ọrẹkùnrin re fẹ́ràn re tàbi bẹẹ kọ́, lóyún fún un kí o le dan-an wo, ko si ní le fara pamo mọ. Bo tilè jẹ́ pé tí ko ba gba, o lè jìyà ki o sì dá omọ tọ́, ṣùgbọ́n o ti mo iru èeyàn to jẹ bayen","Ti o bá n siyemeji boya orekunrin re fẹ́ran rẹ tàbi beè kó, loyun fun un kí o le dán-an wo, kò si ni lè fara pamo mo. Bo tile je pe ti ko ba gba, o le jiyà ki o si dá ọmọ to, ṣugbon o ti mo iru eeyan to jé báyen","sarcastic","Instagram","original"
"382","Kò sí bí owó tí o ń rí ní òkè òkun bá ṣe pé tó, má fi owó pamọ́ tàbí kí o ná owó lórí ara rẹ. Na gbogbo owó yẹn lórí àwọn ẹbí rẹ kí àwọn èèyàn má lè fiwọ́n ṣe yẹ̀yẹ́, bó tilẹ̀ jẹ́ pé o lè di aláìní kí o máa tọrọ jẹun.","Ko si bi owo ti o n ri ni oke okun ba se pe to, ma fi owo pamo tabi ki o na owo lori ara re. Na gbogbo owo yen lori awon ebi re ki awon eeyan ma le fiwon se yeye, bo tile je pe o le di alaini ki o maa toro jeun.","Kò sí bí owó tí o ń rí ní òkè òkun ba ṣe pé tó, má fi owó pamọ́ tàbí ki o ná owó lóri ara rẹ. Na gbogbo owo yẹn lóri awon ẹbí re ki àwọn èeyàn má le fiwón ṣe yèyẹ́, bó tilẹ jẹ pé o lè di aláìní kí o máa tọro jeun.","Ko sí bí owó ti o ń rí ni òkè òkun ba ṣe pé to, má fi owó pamọ́ tàbi ki o na owó lorí ara re. Na gbogbo owo yen lórí awọn ẹbi rẹ kí awon èeyan má lè fiwọn ṣe yeyẹ, bo tilẹ̀ jẹ pé o le di aláìní kí o máa torọ jẹun.","Kò si bí owó ti o ń ri ni okè òkun ba se pe tó, ma fi owo pamọ́ tabi ki o na owo lori ara rẹ. Na gbogbo owo yẹn lori awon ebi re ki awon eeyàn ma le fiwon ṣe yèye, bó tile jé pe o le di alaini ki o máa torọ jeun.","sarcastic","Instagram","original"
"383","Nígbà tí o bá ti mọ̀ pé àwọn ẹ̀gbọ́n tàbí àbúrò rẹ ń gbìyànjú láti gbé orúkọ ìdílé yín ga, gbìyànjú láti ba orúkọ ìdílé jẹ́. Nítorí pé bí gbogbo yín bá ń ṣe oríire ní àkókò kan náà, ìdíje lè pọ̀ jù.","Nigba ti o ba ti mo pe awon egbon tabi aburo re n gbiyanju lati gbe oruko idile yin ga, gbiyanju lati ba oruko idile je. Nitori pe bi gbogbo yin ba n se oriire ni akoko kan naa, idije le po ju.","Nígba tí o ba ti mò pé awọn ègbọ́n tabí àbúrò rẹ ń gbìyànjú láti gbe orúkọ idíle yín ga, gbìyanjú lati ba orukọ ìdilé jẹ. Nitori pe bí gbogbo yin bá ń ṣe oríire ní àkókò kan náà, ìdíje lè pọ jù.","Nígbà tí o bá ti mo pe àwon ègbọ́n tabí aburo rẹ n gbìyanju láti gbé orúkọ idile yin ga, gbiyanjú lati ba oruko idílé je. Nitorí pé bí gbogbo yín ba n ṣe oríire ni àkoko kan naà, ìdíje lè po ju.","Nígba tí o ba ti mo pé awon ẹgbon tàbí àburo re n gbiyanju lati gbe orúko idilé yin ga, gbìyànju láti ba orukọ idile je. Nitori pé bí gbogbo yín ba n se oríire ni akokò kan naa, idije le pọ̀ jù.","sarcastic","Instagram","original"
"384","Tí o bá jẹ́rìí sí apànìyàn kan nílé ẹjọ́, tí ó sì ṣẹ́gun nígbẹ̀yìn-gbẹ́yín, má ṣe sá kúrò ní ìlú. Bó tilẹ̀ jẹ́ pé ó lè pa ọ́ tí o kò bá sá lọ, ó ti kó báa báyẹn.","Ti o ba jerii si apaniyan kan nile ejo, ti o si segun nigbeyin-gbeyin, ma se sa kuro ni ilu. Bo tile je pe o le pa o ti o ko ba sa lo, o ti ko baa bayen.","Ti o ba jẹrìí sí apàniyan kan nilé ejó, tí ó sì ṣégun nigbẹyin-gbéyin, ma ṣe sa kurò ni ìlu. Bo tilẹ̀ jẹ́ pé o le pa ọ́ ti o kò bá sá lọ, ó ti kó baa báyẹn.","Tí o bá jerìí si apàniyan kan nilé ejọ́, ti o sì ségun nigbẹyìn-gbẹyin, ma ṣe sa kúrò ni ilú. Bo tilẹ̀ jé pé o lè pa o tí o ko bá sa lọ, o ti kó báa báyen.","Ti o ba jerii si apànìyan kan nile ẹjo, ti o sì ṣegun nigbẹyin-gbẹ́yin, ma ṣe sa kúrò ní ilú. Bo tilẹ je pe o le pa o tí o kò ba sa lọ, o ti ko baa bayen.","sarcastic","Instagram","original"
"385","Tí o bá rí i pé ọkàn àwọn òbí rẹ ti ń balẹ̀ jù, máa mu igbó díẹ̀ díẹ̀ kí o lè máa gbé ẹ̀mí wọn gbóná. Ìbànújẹ díẹ̀ ayọ̀ díẹ̀ lèèyán fi nlo ilé ayé, bó tilẹ̀ jẹ́ pé igbó náà lè padà yà ọ́ ní wèrè.","Ti o ba ri i pe okan awon obi re ti n bale ju, maa mu igbo die die ki o le maa gbe emi won gbona. Ibanuje die ayo die leeyan fi nlo ile aye, bo tile je pe igbo naa le pada ya o ni were.","Tí o bá rí i pé ọkan àwọn òbí rẹ ti ń balè ju, máa mu igbo díè die kí o lè maa gbé èmí wọn gbóná. Ibànujẹ diè ayọ díè leèyan fi nlo ilé ayé, bó tilẹ̀ jẹ pe igbo náà lè padà yà ọ́ ni wèrè.","Tí o bá ri i pe ọkàn awon obi re ti n bale jù, máa mu igbó die díẹ̀ ki o lè máa gbé ẹ̀mí wọn gboná. Ìbanuje díe ayọ̀ diẹ̀ leèyan fi nlo ilé aye, bo tilẹ je pe igbo naa lè padà ya ọ ni wère.","Ti o ba rí i pé okàn awon òbi re ti n balè jù, maa mu igbo die diè kí o le máa gbe emi won gbona. Ibanuje die ayò die leeyan fi nlo ile aye, bo tilẹ je pé igbo naa le pada ya o ni wère.","sarcastic","Instagram","original"
"386","Tí o bá ṣe ìgbéyàwó tí ọkọ rẹ bẹ̀rẹ̀ síí ṣe àgbèrè, má ṣe fi ìgbéyàwó náà sílẹ̀ ṣùgbọ́n kí o lọ ṣe ìwọ náà máa ṣe àgbèrè láti gbẹ̀san, bó tilẹ̀ jẹ́ pé ẹ̀yin méjèèjì lè padà kó àkóràn nígbà tó bá yá.","Ti o ba se igbeyawo ti oko re bere sii se agbere, ma se fi igbeyawo naa sile sugbon ki o lo se iwo naa maa se agbere lati gbesan, bo tile je pe eyin mejeeji le pada ko akoran nigba to ba ya.","Tí o bá ṣe igbéyàwo tí oko rẹ bẹ̀rè sií ṣe àgbere, má se fi ìgbéyàwó náà sílẹ̀ ṣùgbọ́n kí o lọ se ìwo náà máa ṣe àgberè láti gbesan, bó tilẹ̀ jẹ pé ẹ̀yin méjèèjì lè padà kó àkóràn nigbà tó bá yá.","Ti o ba ṣe ìgbeyàwo ti oko rẹ berè sií se agberè, ma ṣe fi ìgbéyàwó náa síle sùgbọn kí o lọ ṣe ìwo náa máa se àgbère láti gbẹ̀san, bo tile jé pe ẹyin méjeeji lè pada ko akóran nigbà to ba ya.","Ti o ba se ìgbeyawo ti okọ re berẹ̀ sií se agbère, ma se fi igbeyawo náa síle sugbon ki o lo se iwo naa máa se agbere lati gbesan, bo tile jé pe ẹyin mejeeji le pada ko akoran nigba to ba yá.","sarcastic","Instagram","original"
"387","Tí o bá bímọ fún ọkùnrin kan tí kò sì gbà á, ṣùgbọ́n tí o padà wá nígbà tí ọmọ náà bá dàgbà, lóyún fún lẹ́ẹ̀kan síi kí o lè fi í ṣe ẹlẹ́yà, nítorí pé kò sí obìnrin tí yóò fẹ́ fẹ́ẹ mọ́, bó tilẹ̀ jẹ́ pé o lè dá àwọn ọmọ náà tọ́.","Ti o ba bimo fun okunrin kan ti ko si gba a, sugbon ti o pada wa nigba ti omo naa ba dagba, loyun fun leekan sii ki o le fi i se eleya, nitori pe ko si obinrin ti yoo fe fee mo, bo tile je pe o le da awon omo naa to.","Tí o ba bimo fún ọkùnrin kan tí kò sì gba á, ṣugbọn tí o padà wá nigbà ti omọ naà bá dàgba, lóyún fún lẹekan síi ki o lè fi í ṣe ẹlẹya, nítorí pé kò sí obìnrin tí yoò fé fẹ́e mọ́, bó tilẹ jẹ pé o lè da àwon omọ náa tọ.","Tí o bá bimọ fún ọkùnrin kan ti ko sì gbà a, ṣùgbon ti o pada wa nígbà tí ọmo naa ba dagbà, loyun fún leèkan síi ki o lè fi í se ẹlẹ́yà, nítori pe ko si obìnrin tí yóò fe feẹ mọ́, bó tilẹ je pé o le da awon ọmo naa tọ́.","Tí o ba bímo fún okùnrin kan ti ko sì gba a, sugbon tí o pada wa nígbà ti omo naa ba dàgba, loyun fún lẹekan síi ki o le fi i se eleyà, nítorí pe kò si obinrin ti yoò fe fẹẹ mọ, bó tile je pé o le da awon omo naa to.","sarcastic","Instagram","original"
"388","Gẹ́gẹ́ bi ọkùnrin, àwọn ọkùnrin ẹgbẹ́ẹ̀ rẹ ló yẹ kó máa gbé kí wọ́n lè máa fún ọ lówó lẹ́yìn ìbálòpọ̀, bó tilẹ̀ jẹ́pé ìdí rẹ yóò bàjẹ́","Gege bi okunrin, awon okunrin egbee re lo ye ko maa gbe ki won le maa fun o lowo leyin ibalopo, bo tile jepe idi re yoo baje","Gẹ́gẹ́ bi ọkùnrin, àwọn okùnrin ẹgbẹ́ẹ̀ re lo ye kó máa gbé ki wọn lè maa fun o lówó lẹyìn ìbálopọ̀, bó tile jẹpe ìdi rẹ yóo bàjé","Gegẹ́ bi okunrin, awon okùnrin ẹgbẹ́e rẹ lo ye kó maa gbé ki wọ́n le máa fun o lówo léyin ìbálòpọ, bo tilẹ jépe idi rẹ yóo bàjẹ","Gẹgẹ bi okunrin, awon okùnrin egbée re lo yẹ ko maa gbe ki won le máa fun o lowó leyìn ibalopo, bo tile jépe idi re yóo bajẹ","sarcastic","Instagram","original"
"389","Tí o bá bímọ tó ńjalè, má bawí má sì tú àṣírí rẹ̀ síta. Bo tilẹ̀ jẹ́ wípé ó lè já olè náà títí tí wọ́n yóò fi pá dànù, o dará ju kí o tú àṣírí rẹ̀ síta","Ti o ba bimo to njale, ma bawi ma si tu asiri re sita. Bo tile je wipe o le ja ole naa titi ti won yoo fi pa danu, o dara ju ki o tu asiri re sita","Ti o bá bímọ tó ńjalè, má bawi má sì tú asírí rẹ̀ sita. Bo tile jé wípé o lè ja olè naà títí tí wọ́n yóò fi pá dànù, o dará ju kí o tú aṣírí rẹ̀ síta","Ti o ba bimo tó njale, ma bawi ma sì tú àsiri rẹ̀ síta. Bo tile jẹ́ wipé o lè já olè náa tití ti won yóo fi pá danu, o dara ju kí o tú asíri re sita","Ti o ba bimo to njalè, ma bawi ma si tu asiri re sita. Bo tile jẹ́ wipe ó le ja ole naa tití ti won yoo fi pa danu, o dará ju ki o tu asíri re síta","sarcastic","Instagram","original"
"390","Má sọ pé o kò níí fẹ́ obìnrin nítorí pé ó ti lọ ilé ọkọ bíi mẹ́rin tẹ́lẹ̀, nítorí o lè jẹ́ ìwọ ni ẹni tí a kọ papọ̀ fún láti ọ̀run","Ma so pe o ko nii fe obinrin nitori pe o ti lo ile oko bii merin tele, nitori o le je iwo ni eni ti a ko papo fun lati orun","Ma sọ pé o ko nií fẹ́ obìnrin nítori pe ó ti lọ ilé ọkọ bíi mẹ́rin tẹ́lẹ̀, nítorí o lè jẹ́ iwọ ni eni tí a kọ papò fún láti ọrun","Ma sọ pe o ko nií fe obìnrin nítori pe o ti lo ilé ọkọ bii mérin télẹ, nitori o le je iwo ni ẹni ti a ko papò fun láti orun","Má sọ pé o ko nii fe obìnrin nitori pe o ti lo ile oko bii merin telè, nitori o lè jé ìwo ni eni ti a ko papo fun lati ọ̀run","sarcastic","Instagram","original"
"391","Tí ẹnìkan bá jí ọ gbé tí o sì ní àǹfààní láti sá àsálà, o kò gbọdọ̀ sá àsálà. Fojú inú wo gbogbo wàhálà tí ẹni tí ó jí ọ gbé ti ṣe kí ó tó lè jí ọ gbé.","Ti enikan ba ji o gbe ti o si ni anfaani lati sa asala, o ko gbodo sa asala. Foju inu wo gbogbo wahala ti eni ti o ji o gbe ti se ki o to le ji o gbe.","Tí ẹnikan bá jí o gbé tí o sì ni àǹfaàní láti sa asalà, o kò gbọdọ sa àsálà. Fojú inú wo gbogbo wàhala tí ẹni tí ó ji o gbé ti ṣe ki ó tó lè jí o gbé.","Ti ẹnìkan ba ji ọ gbé ti o si ní ànfaàni láti sa asálà, o kò gbọdọ̀ sá asalà. Foju inu wo gbogbo wàhalà ti eni ti o jí ọ gbé ti ṣe kí o tó lè jí ọ gbé.","Tí ẹnìkan ba ji o gbé ti o sì ní anfaàni lati sa asalà, o ko gbodọ̀ sá asala. Foju inu wo gbogbo wahala tí eni ti o jí ọ gbé ti ṣe ki o to lè ji o gbe.","sarcastic","Instagram","original"
"392","Tí o bá fẹ́ ṣe ìgbéyàwó, tí o sì ń ṣiyèméjì bóyá ó yẹ kí o fẹ́ ọ̀rẹ́kùnrin rẹ tí ó máa ń lù ọ́ ní gbogbo ìgbà tàbí kí o má fẹ, ó yẹ kí o fẹ́ẹ, bí bẹ́ẹ̀ kọ́, o lè máa dá ara rẹ lẹ́bi pé o kò fún un ní àǹfààní láti ṣàyẹ̀wò bóyá ó lè yípadà.","Ti o ba fe se igbeyawo, ti o si n siyemeji boya o ye ki o fe orekunrin re ti o maa n lu o ni gbogbo igba tabi ki o ma fe, o ye ki o fee, bi bee ko, o le maa da ara re lebi pe o ko fun un ni anfaani lati sayewo boya o le yipada.","Tí o bá fẹ se ìgbéyàwó, ti o si ń ṣiyèméjì bóyá o yẹ kí o fẹ́ ọrekùnrin re tí ó máa ń lù ó ní gbogbo ìgbà tàbí kí o má fẹ, ó yẹ ki o fẹ́e, bi bẹ́è kọ́, o lè máa dá ara rẹ lébi pé o kò fún un ní anfaaní láti ṣàyèwò bóya o lè yipada.","Ti o ba fe ṣe ìgbeyawó, tí o sì ń siyèméji boyá o ye ki o fe ọ̀rẹkùnrin re ti ó máa n lu o ní gbogbo igba tàbí kí o má fe, o ye kí o fẹe, bi bẹ́è ko, o lè máa dá ara rẹ lẹbi pé o ko fún un ni anfàaní láti ṣàyẹ̀wò bóyá ó le yipadà.","Tí o ba fe se igbeyawo, ti o si n siyemeji boya o ye kí o fe orekùnrin re tí o maa n lu ọ ni gbogbo ìgbà tàbi ki o má fẹ, o ye kí o fẹe, bi bée ko, o le maa da ara re lebi pe o ko fun un ni ànfaani lati ṣayewo boyá o le yípada.","sarcastic","Instagram","original"
"393","Tí o bá fẹ́ ọ̀rẹ́kùnrin rẹ tó máa ń lù ọ́ ní gbogbo ìgbà, ó sàn fún ọ nítorí pé ìwọ yóò ní ìrírí púpọ̀ sí i, wàá sì lè pín wọn pẹ̀lú àwọn ọmọ ìyáà rẹ.","Ti o ba fe orekunrin re to maa n lu o ni gbogbo igba, o san fun o nitori pe iwo yoo ni iriri pupo si i, waa si le pin won pelu awon omo iyaa re.","Tí o bá fẹ́ ọ̀rẹ́kùnrin re to máa ń lù o ní gbogbo ìgba, o sàn fun ọ nítorí pé ìwo yóò ní iríri púpọ̀ si i, wàá si lè pín wọn pèlú àwọn ọmọ ìyáa rẹ.","Tí o ba fẹ orẹkunrin rẹ tó maa n lù ọ ni gbogbo igbà, ó san fun o nítorí pé ìwọ yóo ní ìriri púpọ̀ sí i, waá si lè pin wọn pẹ̀lu awọn omo ìyaà re.","Tí o ba fé orékùnrin rẹ to maa n lù o ni gbogbo igba, o san fun o nítori pe iwọ yoo ni ìriri pupò si i, wàa sì lè pin won pẹlu awon omo iyaa re.","sarcastic","Instagram","original"
"394","Tí olé bá njà ni àdúgbò yín lóòrèkóòrè, ẹ má ṣe pè agbófinró, nítorí tí àwọn olè náà bá ní ọ̀nà míràn ni, wọn kò ní máa jalè.","Ti ole ba nja ni adugbo yin loorekoore, e ma se pe agbofinro, nitori ti awon ole naa ba ni ona miran ni, won ko ni maa jale.","Tí olé bá njà ni àdúgbò yín lóòrekóòrè, e má ṣe pè agbófinró, nitori tí awọn olè naà bá ní òna miràn ni, wọn ko ní máa jalè.","Ti olé bá nja ni àdugbò yin lóorèkoòre, e má se pè agbófinró, nitori ti àwọn ole náà bá ni ọnà miran ni, won ko ni máa jalè.","Ti ole bá nja ni adugbo yin loorekoòre, ẹ ma ṣe pe agbofinro, nitori ti awon ole náà ba ni ònà miràn ni, wọn ko ni maa jalè.","sarcastic","Instagram","original"
"395","Tí o bá kíyèsí wípé ọ̀rẹ́bìnrin rẹ kò fẹ́ràn rẹ, tí ó sì wà pẹ̀lú rẹ nítorí owó, má ṣe fií sílẹ̀, nítorí ó máa rò pé o ti òún ti búrẹ́dì kó ẹ lọ́bẹ̀ jẹ, bó tilẹ̀ jẹ́ pé o lè padà ma lówó lọ́wọ́ mọ́ nígbẹ̀yìn-gbẹ́yín.","Ti o ba kiyesi wipe orebinrin re ko feran re, ti o si wa pelu re nitori owo, ma se fii sile, nitori o maa ro pe o ti oun ti buredi ko e lobe je, bo tile je pe o le pada ma lowo lowo mo nigbeyin-gbeyin.","Ti o ba kiyèsí wípé ọrẹbìnrin rẹ ko fẹ́ràn rẹ, tí ó sì wà pèlú rẹ nítori owó, má ṣe fii sílẹ, nítori ó máa ro pé o ti oún ti búrẹdì kó ẹ lóbẹ̀ jẹ, bo tilẹ jẹ́ pe o lè padà ma lowó lowọ́ mọ́ nigbẹ̀yin-gbẹ́yín.","Ti o ba kíyèsí wípe orẹ́binrin rẹ kò fẹran re, ti o si wà pẹ̀lú re nitori owó, má se fií sílẹ, nitori ó máa ro pe o ti oun ti burédi ko e lóbẹ je, bo tilè jẹ pé o le padà ma lowo lowo mo nigbẹ̀yìn-gbẹyin.","Ti o ba kiyesi wipe ọ̀rebinrin re ko fẹran re, tí o sì wa pelu rẹ nítori owo, ma se fii silè, nitori o maa ro pe o ti òun ti búredi kó e lobẹ je, bo tile jẹ́ pé o le padà ma lowo lọwo mo nigbẹyin-gbeyin.","sarcastic","Instagram","original"
"396","Tí o bá ti nrí oúnjẹ jẹ ní àkókò, má ṣe dààmú láti rí owó nítorí pé ìdààmú lásán ní àti wípé bí àwọn ẹbí rẹ bá ríi pé o ní owó, wọn yóò máa wá bá ọ fún owó, bó tilẹ̀ jẹ́ pé o lè padà wọnú ìṣẹ́ lẹ́yìn náà.","Ti o ba ti nri ounje je ni akoko, ma se daamu lati ri owo nitori pe idaamu lasan ni ati wipe bi awon ebi re ba rii pe o ni owo, won yoo maa wa ba o fun owo, bo tile je pe o le pada wonu ise leyin naa.","Tí o bá ti nrí oúnjẹ jẹ ní àkókò, má se dààmú láti rí owo nítorí pé ìdààmú lásan ní àti wípé bí awọn ẹbi re bá ríi pé o ní owó, wọn yóò máa wá bá o fún owó, bo tilè jẹ́ pé o lè padà wonu ìṣé lẹyìn náa.","Ti o bá ti nrí oúnje jẹ ni àkókò, ma ṣe daàmu láti rí owó nitorí pe ìdaàmu lásan ni ati wipe bí àwon ẹbí re ba rii pé o ni owó, won yoo máa wa bá o fún owo, bó tilè jẹ pé o lè padà wọnu isé lẹ́yìn naà.","Ti o bá ti nrí ounje je ni àkóko, má se dààmu láti rí owo nitorí pé ìdaàmu lasan ni àti wipe bi awon ebi re bá rii pe o ní owo, won yóo maa wá ba o fun owo, bo tilẹ jẹ́ pe o le pada wonu isé léyin naa.","sarcastic","Instagram","original"
"397","Má tí torí wípé o wà nínú ìgbéyàwó kí o fàyà gba ọrọ láti ọ̀dọ ọkọ rẹ lóòrèkóòrè, kí o máa kúrò nílé ọkọ ló dára, títí yóò fi tẹ́ ọ lọ́rùn","Ma ti tori wipe o wa ninu igbeyawo ki o faya gba oro lati odo oko re loorekoore, ki o maa kuro nile oko lo dara, titi yoo fi te o lorun","Ma tí torí wípé o wà nínu ìgbéyàwo kí o faya gba ọrọ láti ọ̀dọ ọko rẹ lóòrèkóorè, kí o máa kurò nilé ọko ló dára, tití yóò fi tẹ o lọ́rùn","Má ti tori wípe o wa ninú igbéyàwó ki o fàya gba oro láti ọ̀do ọko rẹ loòrekoore, ki o máa kúrò nílé oko lo dara, titi yoò fi tẹ́ o lọrùn","Ma ti tori wípe o wa ninú igbéyàwo ki o fayà gba oro láti odo oko re loorèkoòre, ki o máa kurò nile okọ lo dara, títi yóo fi te ọ lorun","sarcastic","Instagram","original"
"398","Ẹ̀yin ti Morocco, ẹ fi aṣo ìnujú wa tí ẹ mú nu omijé bí ẹ ti wo lulẹ̀ ní ìpele àṣekágbá ìdíje AFCON lọ́jọ́ Àìkú","Eyin ti Morocco, e fi aso inuju wa ti e mu nu omije bi e ti wo lule ni ipele asekagba idije AFCON lojo Aiku","Ẹ̀yin ti Morocco, ẹ fi aṣo inuju wa tí ẹ mú nu omije bí e ti wo lulẹ̀ ní ìpele àṣekágba ìdíje AFCON lójó Àìkú","Ẹ̀yin ti Morocco, e fi aṣo ìnujú wa tí ẹ mú nu omijé bi e ti wo lule ní ìpele asekágba ìdíje AFCON lọjọ́ Aiku","Eyin ti Morocco, e fi aṣo inuju wa ti ẹ mu nu omijé bi e ti wo lule ni ìpele asekagba idije AFCON lojo Aiku","sarcastic","Facebook","original"
"399","Aṣọ ò bá ọmọ́yẹ Super Eagles mọ́, ikọ̀ agbábọ́ọ̀lù Nàìjíríà ti rìn wọjà, DR Congo lo tì wọ́n dànù lójú ònà àti pegedé fún ìdíje Ìfe Èyẹ Àgbáyé 2026","Aso o ba omoye Super Eagles mo, iko agbaboolu Naijiria ti rin woja, DR Congo lo ti won danu loju ona ati pegede fun idije Ife Eye Agbaye 2026","Aṣọ ò bá ọmọ́ye Super Eagles mọ́, ikọ̀ agbábóọ̀lù Nàìjíríà ti rìn wọjà, DR Congo lo ti won dànù lójú ònà àti pegedé fún ìdíje Ìfe Eye Àgbáyé 2026","Asọ ò bá omoye Super Eagles mó, ikọ̀ agbabọolu Naijíríà ti rin woja, DR Congo lo ti wón danù lóju ona àti pegede fun ìdíje Ife Èyẹ Agbáyé 2026","Aṣo o ba omọye Super Eagles mo, iko agbabọolu Naijiría ti rin woja, DR Congo lo ti wón danu lójú ònà ati pegedé fún ìdíje Ìfe Eyẹ Agbaye 2026","sarcastic","BBC News","original"
"400","Tí wọ́n bá ṣe atọ́nà fún àwọn ọmọ tó ń ṣe ""Yahoo"", wọ́n máa wúlò láti mú ìgbéga bá orílẹ̀ èdè.","Ti won ba se atona fun awon omo to n se ""Yahoo"", won maa wulo lati mu igbega ba orile ede.","Ti wọ́n ba ṣe atọ́nà fun àwon omọ tó ń ṣe ""Yahoo"", won máa wúlo láti mú ìgbéga bá orílẹ̀ èdè.","Ti wọn ba ṣe atóna fún àwon omọ to ń ṣe ""Yahoo"", wón máa wúlò lati mú ìgbega ba orílẹ ede.","Tí wón ba se atona fun àwon omo tó n se ""Yahoo"", wọn maa wulo lati mú igbéga bá orilẹ̀ ède.","sarcastic","BBC News","original"
"401","Ẹni tó kékọ̀ọ́ gboyè fásitì sàn ju bàbá olówó tí kò kàwé lọ","Eni to kekoo gboye fasiti san ju baba olowo ti ko kawe lo","Ẹni tó kékọ̀ọ́ gboyè fásitì sàn ju bàbá olówó ti kò kawé lo","Ẹni to kekọ̀ọ gboyè fasitì sàn ju bàbá olówó tí ko kàwé lo","Eni to kekoọ gboye fasiti san ju baba olowó ti ko kawe lo","sarcastic","BBC News","original"
"402","Mo fi àkókò yí rọ gbogbo àwọn alátìlẹ́yìn Manchester United láti jẹ oúnjẹ alẹ́ wọn kí wọ́n tó lọ wo eré bọ́ọ̀lù náà. Nítorí iṣu Manchester United ma sùn sínú epo Liverpool lónìí","Mo fi akoko yi ro gbogbo awon alatileyin Manchester United lati je ounje ale won ki won to lo wo ere boolu naa. Nitori isu Manchester United ma sun sinu epo Liverpool lonii","Mo fi akókò yí rọ gbogbo àwọn alátìlẹ́yìn Manchester United láti jẹ oúnjẹ alẹ wọn kí won tó lo wo eré bọ́ọ̀lù náà. Nítorí iṣu Manchester United ma sun sínú epo Liverpool lónìí","Mo fi akóko yi rọ gbogbo àwon alatiléyìn Manchester United lati jẹ oúnjẹ alé won ki wọ́n tó lo wo ere bọolu náa. Nítori iṣu Manchester United ma sun sínú epo Liverpool lonií","Mo fi àkokò yí ro gbogbo awon alatileyin Manchester United lati je ounje ale won kí wón tó lo wo ere boọ̀lu naa. Nitorí iṣu Manchester United ma sun sinú epo Liverpool lonìi","sarcastic","BBC News","original"
"403","Ẹ̀dá ò láròpin! Anfààní Àdúgbò FC, ìyẹn Manchester United, táyé ti sọ irètí nù lórí wọn lu Liverpool lálùmólè bí àpò ẹ̀wà","Eda o laropin! Anfaani Adugbo FC, iyen Manchester United, taye ti so ireti nu lori won lu Liverpool lalumole bi apo ewa","Ẹ̀da ò laropin! Anfààní Àdúgbo FC, ìyẹn Manchester United, táyé ti sọ irèti nù lórí wọn lu Liverpool lalùmólè bí àpò ẹ̀wà","Eda ò láropin! Anfaàni Àdugbò FC, iyen Manchester United, taye ti sọ ireti nù lóri wọn lu Liverpool lalumóle bi àpò èwa","Edá ò láròpin! Anfaaní Adugbo FC, ìyẹn Manchester United, tayé ti so iretí nu lori won lu Liverpool lálùmóle bi apo ewa","sarcastic","BBC News","original"
"404","Arsenal Erin lákátabú Oriogbade FC ti gòkè àlọ̀, Fulham ni wọ́n fi șe ìrúbọ àti gorí tábìlì EPL","Arsenal Erin lakatabu Oriogbade FC ti goke alo, Fulham ni won fi se irubo ati gori tabili EPL","Arsenal Erin lákátabú Oriogbade FC ti gòkè àlọ̀, Fulham ni wọ́n fi șe ìrubọ àti gori tabilì EPL","Arsenal Erin lákatabu Oriogbade FC ti gòke àlo, Fulham ni wón fi șe irubo àti gorí tábìli EPL","Arsenal Erin lakatabu Oriogbade FC ti goke alò, Fulham ni won fi se irubọ ati gori tabilì EPL","sarcastic","BBC News","original"
"405","Lórí erinlákátabú Arsenal tó ń pa kúkúrú, tó ń pa gúngùn ninu EPL yìí, Bàbá gba ọpẹ́ wa","Lori erinlakatabu Arsenal to n pa kukuru, to n pa gungun ninu EPL yii, Baba gba ope wa","Lóri erinlákátabú Arsenal tó n pa kúkúrú, to ń pa gúngùn ninu EPL yìí, Bàbá gba ọpẹ́ wa","Lorí erinlákatabu Arsenal tó n pa kukurú, to n pa gúngùn ninu EPL yìí, Babá gba ọpe wa","Lorí erinlakatabu Arsenal to n pa kukuru, tó n pa gungun ninu EPL yií, Baba gba ope wa","sarcastic","BBC News","original"
"406","Lẹ́yìn ìṣẹ́jú mókànlélógún ifesewonse pẹ̀lú Chelsea, ẹgbẹ́ agbábọ́ọ̀lù Nottingham Forest fi ọwọ́ òsì júwe ilé fún Ange Postecoglou bíi akọ́nimọ̀ọ́gbá","Leyin iseju mokanlelogun ifesewonse pelu Chelsea, egbe agbaboolu Nottingham Forest fi owo osi juwe ile fun Ange Postecoglou bii akonimoogba","Lẹ́yìn iṣẹ́jú mókanlélógún ifesewonse pẹlú Chelsea, ẹgbẹ agbábọ́olù Nottingham Forest fi ọwó osì júwe ilé fún Ange Postecoglou bíi akónimòógbá","Leyìn ìsejú mokànlelogún ifesewonse pẹlu Chelsea, ẹgbe agbáboolù Nottingham Forest fi owo òsì juwe ilé fun Ange Postecoglou bii akónimọ̀ógbá","Léyin iseju mokanlelogun ifesewonse pelú Chelsea, egbẹ agbábọ́olu Nottingham Forest fi owọ osì juwe ilé fún Ange Postecoglou bii akonimoogba","sarcastic","BBC News","original"
"407","Àwọn ọmọ ìyá aláró, ìyẹn Chelsea, fẹ́ràn káàdì pùpá púpọ̀ 😂😂","Awon omo iya alaro, iyen Chelsea, feran kaadi pupa pupo 😂😂","Àwọn ọmọ ìyá alaró, ìyen Chelsea, féran káadì pùpa púpọ̀ 😂😂","Awọn omọ ìyá aláró, iyen Chelsea, fẹ́ràn káàdì pupa púpọ̀ 😂😂","Àwọn omọ iya alaro, iyen Chelsea, feran kaadi pupá púpọ̀ 😂😂","sarcastic","Facebook","original"
"408","Ẹ̀jẹ̀ lẹ́nu ọ̀daràn, Aníyìkáyé, ìyẹn Chelsea, fún Nottingham Forest lọ́rùn pa bí ó tilẹ̀ jẹ́ pé wọ́n Șépè káàdì pupa fún wọn","Eje lenu odaran, Aniyikaye, iyen Chelsea, fun Nottingham Forest lorun pa bi o tile je pe won Sepe kaadi pupa fun won","Ẹ̀jẹ̀ lẹ́nu òdaràn, Aníyìkáyé, ìyen Chelsea, fún Nottingham Forest lorùn pa bí o tilẹ̀ jẹ pé wọ́n Șepè káàdì pupa fún wọn","Ejẹ̀ lẹ́nu ọ̀daràn, Aníyìkaye, ìyẹn Chelsea, fún Nottingham Forest lọrùn pa bi ó tilè jẹ́ pe wón Sepe kaàdi pupa fun won","Eje lénu òdaràn, Aniyikáyé, iyẹn Chelsea, fun Nottingham Forest lorun pa bi o tilẹ jé pe won Sepe káadì pupa fun won","sarcastic","BBC News","original"
"409","Hmmm, Oshimen fakọyọ ṣùgbọ́n ẹni tí a lè mú ní à ń lẹ̀dí mọ́ ló bá dé ní pápá ìṣeré Uyo lálẹ́ yìí pẹ̀lú Benin Republic ","Hmmm, Oshimen fakoyo sugbon eni ti a le mu ni a n ledi mo lo ba de ni papa isere Uyo lale yii pelu Benin Republic ","Hmmm, Oshimen fakọyo ṣùgbọ́n ẹni tí a lè mú ní a ń lẹ̀dí mọ́ ló bá dé ní pápa iṣeré Uyo lálẹ́ yìi pẹ̀lú Benin Republic ","Hmmm, Oshimen fakoyo sugbon eni tí a le mú ni a n lẹ̀dí mo lo ba dé ni pápa isere Uyo lale yìi pẹlu Benin Republic ","Hmmm, Oshimen fakọyo sùgbon eni ti a lè mu ni à n ledi mo lo bá dé ní pápa isere Uyo lale yií pẹlu Benin Republic ","sarcastic","BBC News","original"
"410","Super Eagles fi Benin Republic șe àsun pẹ̀lú ìrètí láti lọ fún ìdíje Ife Ẹ̀yẹ Àgbáyé","Super Eagles fi Benin Republic se asun pelu ireti lati lo fun idije Ife Eye Agbaye","Super Eagles fi Benin Republic șe asun pèlú ìretí láti lọ fún ìdíje Ife Èyẹ Àgbáye","Super Eagles fi Benin Republic șe àsun pèlú ìrètí láti lo fun idije Ife Ẹyẹ Agbáyé","Super Eagles fi Benin Republic se asun pelú ìrètí láti lo fún idije Ife Eye Agbaye","sarcastic","BBC News","original"
"411","Ìyàwó dùn lọ́sìngín! Gómìnà Abba Kabir Yusuf ti ìpínlẹ̀ Kano, ní ìjọba òun yóò ṣẹ́gun àgbèrè ṣíṣe látàrí àì lọ́kọ-láya","Iyawo dun losingin! Gomina Abba Kabir Yusuf ti ipinle Kano, ni ijoba oun yoo segun agbere sise latari ai loko-laya","Ìyàwó dùn lọsingín! Góminà Abba Kabir Yusuf ti ìpínlẹ Kano, ní ìjọba òun yóò ṣẹgun agbèrè ṣiṣe látarí àì lókọ-láya","Iyàwó dun lọsìngin! Gomina Abba Kabir Yusuf ti ìpínlẹ̀ Kano, ní ìjọba oun yóo ṣẹ́gun agberè siṣe latari aì loko-laya","Iyàwó dun lósingin! Gominà Abba Kabir Yusuf ti ipínle Kano, ni ijoba oun yoo ṣegun agberè ṣise latari aì loko-laya","sarcastic","BBC News","original"
"412","Ìjọba Kano fẹ́ẹ́ șe igbéyàwó fún èèyàn ẹgbẹ̀rún méji láti ran àwọn tí kò r'ówó șe é lówó, dẹ́kun ṣìná ṣíṣe","Ijoba Kano fee se igbeyawo fun eeyan egberun meji lati ran awon ti ko r'owo se e lowo, dekun sina sise","Ìjọba Kano fẹ́ẹ́ șe igbéyàwó fun eèyàn egbẹ̀rún méji lati ran àwon ti ko r'ówó șe é lówó, dẹ́kun ṣiná ṣíṣe","Ìjoba Kano féẹ șe igbeyawo fun èeyàn ẹgbẹrun méji láti ran awọn ti kò r'ówó se e lowo, dẹ́kun sina sise","Ijoba Kano feé se igbéyawo fun eèyan egbèrún meji lati ran awọn ti ko r'owo se é lówo, dekun sina síse","sarcastic","BBC News","original"
"413","Àyànmó Super Eagles Nàìjíríà tún yí bírí bírí ní ìrìnàjò àti pegedé fún ìdíje Ife Ẹ̀yẹ Àgbáyé, bó tilẹ̀ jẹ́ pé wọ́n yan Lesotho jẹ","Ayanmo Super Eagles Naijiria tun yi biri biri ni irinajo ati pegede fun idije Ife Eye Agbaye, bo tile je pe won yan Lesotho je","Àyànmó Super Eagles Nàijírià tún yí bíri birí ní ìrinàjò ati pegedé fún idíje Ife Ẹ̀yẹ Àgbáyé, bo tilè jé pé wọ́n yan Lesotho jẹ","Ayànmó Super Eagles Naìjíría tún yí biri bíri ní ìrìnàjò ati pegede fún idije Ife Ẹ̀ye Agbaye, bó tilẹ̀ je pé wọn yan Lesotho je","Ayanmo Super Eagles Naijiríà tun yi biri biri ni irìnàjo àti pegede fun idije Ife Ẹye Agbaye, bo tilẹ̀ jé pe won yan Lesotho je","non-sarcastic","BBC News","original"
"414","Àsikò tí wọ́n máa ń sọ pé oríléèdè Naijiria ni ìwà ìbàjẹ́ tó pò jùlọ lágbàáyé ti kọjá","Asiko ti won maa n so pe orileede Naijiria ni iwa ibaje to po julo lagbaaye ti koja","Àsikò tí wón máa ń so pé oríleèdè Naijiria ni ìwà ìbàjẹ́ tó pò jùlọ lágbaáyé ti kọjá","Asiko ti wón maa n so pé oríleede Naijiria ni ìwà ìbaje to po jùlo lágbaayé ti kojá","Àsiko ti wón maa n so pé orileede Naijiria ni iwa ibaje to po julọ lagbaaye ti koja","sarcastic","BBC News","original"
"415","Aníyikáyé FC ìyẹn Chelsea bínú tán, òròmọ adìyẹ wọn fi àṣá Liverpool ṣe Súyà jẹ","Aniyikaye FC iyen Chelsea binu tan, oromo adiye won fi asa Liverpool se Suya je","Aniyikáye FC ìyẹn Chelsea bínú tán, oròmọ adìyẹ wọn fi àṣá Liverpool ṣe Suyà je","Aniyikáyé FC ìyen Chelsea binu tan, oromọ adìye won fi asa Liverpool se Suya je","Aniyikaye FC ìyẹn Chelsea binú tán, oròmo adiyẹ won fi àṣa Liverpool se Suya jẹ","sarcastic","BBC News","original"
"416","Ànfààní Àdúgbò iyen Manchester United, tọ́ àṣeyorí wò, wọ́n kanra lu Sunderland lónìí","Anfaani Adugbo iyen Manchester United, to aseyori wo, won kanra lu Sunderland lonii","Anfààní Adúgbò iyen Manchester United, tó àṣeyorí wò, wọn kanra lu Sunderland lónìí","Ànfaàní Adúgbo iyen Manchester United, tó aṣeyorí wò, wón kanra lu Sunderland lonii","Ànfaaní Adugbo iyen Manchester United, to aseyori wo, wón kanra lu Sunderland lonii","sarcastic","BBC News","original"
"417","Oriogbade Arsenal yarí kanlẹ̀, àlùmọ́lẹ̀ bí ìlú bẹ̀ǹbẹ́ ni wọ́n lu West Ham ní Emirates","Oriogbade Arsenal yari kanle, alumole bi ilu benbe ni won lu West Ham ni Emirates","Oriogbade Arsenal yari kanlè, àlùmọ́lè bí ìlú bẹ̀nbẹ ni wọ́n lu West Ham ní Emirates","Oriogbade Arsenal yari kanle, àlumọlẹ̀ bí ìlu bẹnbe ni wón lu West Ham ni Emirates","Oriogbade Arsenal yari kanlẹ, àlùmolè bi ilu bẹnbe ni won lu West Ham ni Emirates","sarcastic","BBC News","original"
"418","Kò sí bí o bá ṣe ń jìyà tó, má ṣe béèrè ìrànlọ́wọ́ lọ́wọ́ ẹnikẹ́ni. Bó tilẹ̀ jẹ́ pé o lè kú nígbà sórí ìjìyà náà, kò sí ẹni tí yóò lè sọ pé òun ti ràn ọ́ lọ́wọ́ rí","Ko si bi o ba se n jiya to, ma se beere iranlowo lowo enikeni. Bo tile je pe o le ku nigba sori ijiya naa, ko si eni ti yoo le so pe oun ti ran o lowo ri","Kò si bí o bá ṣe ń jìya tó, má ṣe béere ìrànlówó lọwó ẹnikẹ́ni. Bó tilẹ jẹ́ pé o lè kú nígbà sórí ijìyà naa, ko sí ẹni tí yóò lè so pé oun ti ràn ọ́ lọ́wọ rí","Kò si bí o ba se ń jìya tó, ma ṣe béere ìranlowọ lọ́wó enikẹ́ni. Bo tilè je pe o lè ku nígba sorí ìjìya naà, ko si eni tí yóò lè sọ pe òun ti ràn ọ́ lọ́wọ́ ri","Kò si bi o bá ṣe n jiya tó, ma ṣe beere iranlowó lowọ enikeni. Bó tile jẹ pe o le ku nigba sori ìjiyà naa, ko si eni tí yoo le so pe oun ti ran ọ lọwọ́ ri","sarcastic","BBC News","original"
"419","Tí o bá mọ̀ pé ọ̀rẹ́kùnrin rẹ máa ń ṣe òògùn owó, má ṣe sá fún. Bó tilẹ̀ jẹ́ pé ó lè padà lò ọ́ fún òògùn owó, tí o sì máa kú, tìrẹ ni yóò jẹ́ ìkẹyìn.","Ti o ba mo pe orekunrin re maa n se oogun owo, ma se sa fun. Bo tile je pe o le pada lo o fun oogun owo, ti o si maa ku, tire ni yoo je ikeyin.","Tí o bá mọ̀ pé ọ̀rẹ́kùnrin rẹ máa ń ṣe oogùn owó, ma ṣe sa fún. Bó tilè jé pe ó le padà lo ó fún òogùn owó, tí o sì máa kú, tìrẹ ni yoo jẹ ìkẹyìn.","Tí o bá mò pé òrẹ́kunrin rẹ maa n ṣe òògun owó, ma se sa fún. Bo tilẹ̀ jé pé ó lè pada lo o fún òogùn owó, tí o sì máa ku, tìrẹ ni yoò je ikeyin.","Ti o ba mò pe òrẹkunrin re maa n se oogun owo, ma ṣe sa fun. Bo tile jẹ pé o le pada lo o fun oogun owó, ti o si maa kú, tìre ni yoò je ìkeyìn.","sarcastic","BBC News","original"
"420","Bàba kúdí ga ní ènìyàn, ó kàn nílátí gun àga kí ẹ tó ó ri ní àárín ọ̀pọ̀ ènìyàn","Baba kudi ga ni eniyan, o kan nilati gun aga ki e to o ri ni aarin opo eniyan","Bàba kudí ga ni ènìyàn, ó kàn nílátí gun aga kí ẹ tó ó ri ní aárín ọpọ̀ èniyàn","Bàba kúdí ga ní enìyàn, o kan nilati gun àga ki e tó ó ri ni aárin ọ̀pọ̀ èniyàn","Baba kúdi ga ni enìyàn, ó kan nilati gun aga ki ẹ to ó ri ni àarin ọ̀pọ ènìyan","sarcastic","Crowdsourcing","original"
"421","O ti yó lo wí, o sì ṣíwọ́ nídì Àmàlà","O ti yo lo wi, o si siwo nidi Amala","O ti yó lo wí, o sì ṣíwọ́ nídì Àmalà","O ti yo lo wí, o sì ṣíwọ́ nídi Àmalà","O ti yo lo wi, o si siwo nidì Amàlà","sarcastic","Crowdsourcing","original"
"422","O kò lẹ́jọ́ láti rò, ẹnu rẹ kò sì dúró","O ko lejo lati ro, enu re ko si duro","O ko lẹ́jọ láti ro, enu rẹ kò sì dúró","O ko lejo láti ro, enu rẹ ko sì duró","O kò lejó lati ro, ẹnu re ko si duró","sarcastic","Crowdsourcing","original"
"423","Mo láṣọ, mo láṣọ, abájọ tí wọ́n fi ṣi ọ̀ kó mọ́ wèrè","Mo laso, mo laso, abajo ti won fi si o ko mo were","Mo láṣọ, mo lásọ, abajọ tí wọn fi ṣi ò kó mọ werè","Mo laṣọ, mo laso, abajo tí wón fi ṣi o kó mọ́ wèrè","Mo láso, mo laso, abajọ ti wón fi si o kó mo wère","sarcastic","Crowdsourcing","original"
"424","Ó jẹun ó yó lótìtọ́, bíbẹ́kọ̀ yóò ti ṣe gbé abọ́ agbe","O jeun o yo lotito, bibeko yoo ti se gbe abo agbe","Ó jẹun ó yo lótitó, bibẹkọ̀ yóò ti ṣe gbé abó agbe","Ó jeun ó yó lotìtọ́, bíbékọ yoò ti ṣe gbé abó agbe","O jeun o yo lótitó, bíbeko yóò ti se gbe abo agbe","sarcastic","Crowdsourcing","original"
"425","Ara mi kò gba èpè ni kò jẹ ki n ṣílẹ̀kùn fún ọ̀tá","Ara mi ko gba epe ni ko je ki n silekun fun ota","Ara mi kò gba epe ni ko jẹ ki n silẹ̀kùn fún ọ̀tá","Ara mi ko gba èpè ni kò jẹ ki n sílèkùn fun òta","Ara mi kò gba epè ni ko jẹ ki n silèkun fún ọta","non-sarcastic","Crowdsourcing","original"
"426","Mò n bọ̀, n ò tí ì dé","Mo n bo, n o ti i de","Mò n bọ, n ò tí ì dé","Mò n bọ, n o ti ì dé","Mo n bọ̀, n o ti i dé","non-sarcastic","Crowdsourcing","original"
"427","Tó bá dé odò ẹni tí mo rán ẹ lọ ṣe àbẹ̀wò rẹ̀, ní ṣe ni ko sùn síbẹ̀, sé o gbọ́? ","To ba de odo eni ti mo ran e lo se abewo re, ni se ni ko sun sibe, se o gbo? ","Tó bá dé odò ẹni tí mo rán ẹ lo ṣe àbẹ̀wò rẹ̀, ní ṣe ni ko sùn síbẹ̀, sé o gbó? ","Tó bá de odò eni tí mo rán ẹ lọ ṣe abẹwò rẹ̀, ni ṣe ni ko sùn síbè, sé o gbọ́? ","Tó ba de odo eni ti mo rán ẹ lo ṣe abewo re, ní ṣe ni ko sùn sibe, sé o gbo? ","sarcastic","Crowdsourcing","original"
"428","Títí mọ̀wé ju kí ó ṣe ipò kíní lọ","Titi mowe ju ki o se ipo kini lo","Tití mọ̀wé ju kí o ṣe ipò kíní lọ","Tití mowé ju kí ó se ipo kini lo","Titi mowe ju ki o se ipo kiní lo","sarcastic","Crowdsourcing","original"
"429","Ẹni tí a ní kí ó se nǹkan, tí o jẹ wípé òdì ló ń ṣe","Eni ti a ni ki o se nnkan, ti o je wipe odi lo n se","Ẹni ti a ni kí ó se nnkan, tí o jẹ wípé òdì ló n ṣe","Ẹni ti a ní ki ó se nnkan, tí o je wipe òdì ló ń ṣe","Eni tí a ni ki o se nnkan, tí o jẹ wipé òdì lo n se","non-sarcastic","Crowdsourcing","original"
"430","Nígbà tí o padà lówó lọ́wọ́ nígbẹ̀yìn-gbẹ́yín ní ìgbésí ayé rẹ, má ṣe gbàgbé àwọn tí wọ́n ń ràn ọ́ lọ́wọ́ kí owó tó dé, kí o tèbè sọ òǹkà ìpè wọn dànù kí wọ́n tó rántí rẹ, bó tilẹ̀ jẹ́ pé Ọlọ́run lè fìyà jẹ ọ́ nítorí náà.","Nigba ti o pada lowo lowo nigbeyin-gbeyin ni igbesi aye re, ma se gbagbe awon ti won n ran o lowo ki owo to de, ki o tebe so onka ipe won danu ki won to ranti re, bo tile je pe Olorun le fiya je o nitori naa.","Nígbà ti o padà lówó lọwọ́ nígbẹ̀yin-gbẹ́yín ní ìgbésí aye re, má ṣe gbàgbé awọn tí wọ́n ń ràn ọ́ lówọ kí owó tó dé, kí o tèbe sọ òǹkà ìpè wọn dànù kí won tó ránti rẹ, bó tilẹ̀ jẹ pe Ọlọ́run lè fìyà jẹ ó nitorí naà.","Nigba ti o pada lówo lowọ́ nigbẹyìn-gbeyín ni ìgbesi aye rẹ, ma ṣe gbàgbe awon ti wón ń ran o lówó ki owó to dé, ki o tèbè sọ oǹkà ìpè wọn danu kí wón to rántí re, bó tile jé pé Ọlórun lè fìya jẹ o nitori náa.","Nigba ti o padà lówo lowọ́ nigbẹyin-gbẹ́yin ni igbesi aye rẹ, ma ṣe gbàgbé awọn ti wón ń ran ó lọ́wo kí owo to dé, ki o tebe sọ onkà ìpe wọn danu ki won to rántí re, bo tilẹ je pé Olórun le fiya jẹ ó nitori naa.","sarcastic","Instagram","original"
"431","Tí o bá ti bí ọmọ kan tí o kò sì ní owó láti kọ́ ọ, bí ọmọ méjì sí i. Àwọn mẹ́tẹ̀ẹ̀ta yóò máa ṣe wàhálà papọ̀ nígbà tó bá yá, bó tilẹ̀ jẹ́ pé o lè má jàǹfààní èyíkéyìí nínú wọn.","Ti o ba ti bi omo kan ti o ko si ni owo lati ko o, bi omo meji si i. Awon meteeta yoo maa se wahala papo nigba to ba ya, bo tile je pe o le ma janfaani eyikeyii ninu won.","Tí o bá ti bi ọmọ kan tí o kò sì ni owó láti kó ọ, bi ọmọ méji sí i. Awọn mẹ́tẹ̀ẹ̀ta yóo maa se wàhála papò nigbà tó ba yá, bo tilẹ̀ jé pé o lè ma jàǹfààní èyikéyii nínú won.","Tí o ba ti bí omọ kan tí o ko si ni owo láti kọ o, bí omo méji si i. Àwọn métẹẹta yoò máa se wahala papo nigba tó bá ya, bó tilẹ̀ jé pe o lè má jàǹfààní èyíkéyií ninú wọn.","Ti o ba ti bi omo kan ti o ko sì ni owo lati ko o, bi omo méjì si i. Àwon metẹ̀eta yóo máa se wàhála papò nigba tó ba ya, bó tilẹ jé pe o lè má jànfaani èyíkéyìí ninu wọn.","sarcastic","Instagram","original"
"432","Tí o bá ń ṣe ìwà ẹ̀tàn tí agbófinró Nàìjíríà kan bá gbá ọ mú, jẹ́ kí wọ́n ṣàyẹ̀wò ẹ̀rọ ìbánisọ̀rọ̀ rẹ kí o sì sọ ohun tí o ń ṣe fún wọn, bó tilẹ̀ jẹ́ wípé o lè padà ṣẹ̀wọ̀n","Ti o ba n se iwa etan ti agbofinro Naijiria kan ba gba o mu, je ki won sayewo ero ibanisoro re ki o si so ohun ti o n se fun won, bo tile je wipe o le pada sewon","Tí o bá ń se iwa ètàn tí agbófinró Naìjíríà kan bá gbá o mú, jẹ́ kí wọ́n ṣàyẹ̀wò ẹrọ ìbánisọ̀rò rẹ kí o si sọ ohun ti o ń ṣe fun wọn, bó tilẹ̀ jé wipé o lè padà sẹ̀wọ̀n","Ti o ba ń ṣe ìwa etàn tí agbófinro Naijiríà kan ba gba o mu, je ki won ṣàyẹwò èrọ ìbánisọrò rẹ ki o si sọ ohun tí o n ṣe fun won, bó tile jẹ́ wipé o le padà sẹ̀wọ̀n","Ti o ba ń se iwa ètan ti agbofinro Naijirià kan ba gba o mu, je ki wọn ṣayewo ẹro ibanisorọ̀ re kí o si so ohun ti o n se fun won, bo tilẹ̀ je wipe o le pada ṣẹwon","sarcastic","Instagram","original"
"433","Tí o bá jẹ́ ọkùnrin tí o sì ń rí owó, fi owó dá ọ̀rẹ́bìnrin rẹ lóko òwò kí o tó tọ́jú àwọn òbí rẹ, bó tilẹ̀ jẹ́ pé ó lè fi ọ́ sílẹ̀ nígbà tí o kò bá lówó lọ́wọ́ mọ́, àmọ́ o ti ṣe ìgbìyànjú.","Ti o ba je okunrin ti o si n ri owo, fi owo da orebinrin re loko owo ki o to toju awon obi re, bo tile je pe o le fi o sile nigba ti o ko ba lowo lowo mo, amo o ti se igbiyanju.","Tí o ba jé ọkunrin tí o sì ń rí owó, fi owó da orẹbìnrin rẹ lóko òwò ki o tó toju àwọn òbí re, bó tilẹ̀ jẹ́ pé ó lè fi o sílẹ nígbà tí o kò bá lówó lówọ mọ́, àmọ́ o ti ṣe ìgbìyànju.","Tí o ba jé okunrin tí o sì ń rí owó, fi owo dá orẹbinrin rẹ loko òwo kí o to tojú awọn òbí re, bo tile jé pe ó lè fi ọ sílẹ̀ nigbà tí o kò bá lowo lọ́wọ mọ, amo o ti ṣe ìgbiyanjú.","Ti o ba jé okunrin ti o si n ri owó, fi owo da ọrébinrin re loko òwo ki o to tọjú awọn obi re, bo tile jẹ́ pe o le fi o síle nigbà ti o ko bá lowó lowo mó, amo o ti ṣe ìgbiyanju.","sarcastic","Instagram","original"
"434","Tí o bá fẹ́ gbéyàwó tí o sì ní láti yan láàrín ẹni tí ó ní ìdí ńlá àti ẹni tí ó ní ìwà rere, o yẹ kí o yan èyí àkọ́kọ́ fún láti lè máa fi yangàn, bó tilẹ̀ jẹ́ pé ó lè máa dààmú ìgbésí ayé rẹ àti ti ìdílé rẹ nígbà tó bá yá.","Ti o ba fe gbeyawo ti o si ni lati yan laarin eni ti o ni idi nla ati eni ti o ni iwa rere, o ye ki o yan eyi akoko fun lati le maa fi yangan, bo tile je pe o le maa daamu igbesi aye re ati ti idile re nigba to ba ya.","Tí o ba fẹ́ gbéyàwó ti o sì ní láti yan láàrín ẹni tí ó ni ìdi ńlá àti ẹni ti ó ní iwà rere, o yẹ kí o yan eyí àkoko fún láti lè maa fi yangàn, bó tilẹ̀ jẹ́ pé ó le máa dààmú ìgbésí ayé rẹ àti ti ìdílé rẹ nigbà to ba yá.","Ti o ba fé gbéyawo tí o sì ní lati yan láarin ẹni tí o ní ìdi nla àti eni ti ó ní ìwà rere, o yẹ ki o yan èyí akọkọ́ fún láti lè máa fi yangan, bó tile jẹ pé o lè maa daàmú igbésí ayé re àti ti idíle rẹ nigba tó bá yá.","Ti o ba fe gbeyawó ti o sì ni lati yan laarin ẹni ti ó ni idi ńla àti ẹni ti o ni iwà rere, o ye ki o yan èyi akokó fún lati lè maa fi yangan, bó tilè je pé o lè maa dàamu igbesi aye re ati ti idile rẹ nigba to ba ya.","sarcastic","Instagram","original"
"435","Tí olè bá ń jalè níbì kan tí àwọn ènìyàn sì ń sá lọ, má ṣe sá lọ, bí bẹ́ẹ̀ kọ́, wọ́n á rí ọ gẹ́gẹ́ bí ojo, bó tilẹ̀ jẹ́ pé wọ́n lè pa ọ́.","Ti ole ba n jale nibi kan ti awon eniyan si n sa lo, ma se sa lo, bi bee ko, won a ri o gege bi ojo, bo tile je pe won le pa o.","Tí olè bá ń jalè níbì kan tí awọn ènìyàn sì ń sa lọ, má ṣe sa lo, bí bẹ́è kọ, wọ́n a rí ọ gẹ́gẹ́ bí ojo, bó tilè jé pé wọ́n lè pa ọ́.","Ti ole bá ń jale nibi kan tí awọn enìyan si ń sa lọ, ma ṣe sá lọ, bi beẹ̀ ko, won á rí o gẹge bi ojo, bó tilè je pé wọ́n le pa ó.","Ti ole bá n jale níbi kan ti àwon eniyan si n sá lọ, ma se sa lọ, bi bee kó, wọn a ri o gege bi ojo, bó tile je pe wón lè pa o.","sarcastic","Instagram","original"
"436","Nítorí pé o kò ní owó kò túmọ̀ sí pé o kò gbọ́dọ̀ fẹ́ ìyàwó méjì, nítorí pé ìyàwó kejì lè mú oríire wá fún ìdílé rẹ, bó tilẹ̀ jẹ́ pé gbogbo yín lè kú sínú ìyà","Nitori pe o ko ni owo ko tumo si pe o ko gbodo fe iyawo meji, nitori pe iyawo keji le mu oriire wa fun idile re, bo tile je pe gbogbo yin le ku sinu iya","Nítorí pé o kò ni owo kò túmò sí pe o kò gbọdọ̀ fẹ́ ìyàwó méji, nítori pé ìyàwo kejì lè mú oríire wá fun ìdílé rẹ, bó tilè jẹ́ pe gbogbo yín lè kú sínú ìyà","Nítorí pe o ko ni owo ko túmọ̀ sí pe o kò gbódọ̀ fé iyàwó méjì, nítorí pe ìyàwó keji lè mú oriire wa fun ìdile rẹ, bó tilè je pe gbogbo yin lè ku sínu ìya","Nitori pe o kò ni owó kò tumo si pe o ko gbọ́dọ fé iyàwo meji, nitori pe ìyawo kejì lè mú oriire wa fun ìdile re, bó tile jẹ pé gbogbo yin le kú sínu iya","sarcastic","Instagram","original"
